Tyrion,636
Arya,427
Bran,413
Jon,401
Theon,379
Stannis,297
Sansa,281
Joffrey,252
Catelyn,252
Renly,243
Cersei,204
Winterfell,200
Robb,198
Davos,190
Dany,174
Lannister,146
Varys,146
Robert,130
Stark,127
Hodor,124
Yoren,124
Harrenhal,107
Landing,104
Brienne,96
Gendry,94
Wall,93
Do,91
Well,90
Mormont,89
Bronn,87
Jaime,85
End,83
Littlefinger,82
Riverrun,80
Lannisters,79
Rickon,78
Sam,77
Shae,75
Ghost,75
By,74
Cressen,73
Craster,73
Lommy,70
Hound,70
Lord Tywin,69
Luwin,65
Qhorin,65
Summer,65
Weese,64
Osha,63
Old Bear,62
Hand,60
Rodrik,57
Meera,56
Jaqen,55
Jojen,53
Joff,52
Edmure,52
Tommen,50
Hot Pie,50
Asha,49
Ned,46
All,46
Lord Stannis,46
Night,44
Xaro,44
Pyke,43
Starks,43
Lancel,43
Imp,43
Dragonstone,41
Rorge,40
Stonesnake,40
Others,39
Jon Snow,39
Baratheon,39
Shagga,39
Bolton,38
Greyjoy,38
Maester Luwin,37
Jorah,37
Melisandre,36
Red Keep,36
Biter,35
Ser Rodrik,35
Kingsguard,35
Halfhand,33
Dontos,33
Myrcella,33
Reek,33
Gods,32
Qarth,32
Pylos,32
Eddard Stark,31
Frey,31
Walder,31
Will,30
Pycelle,30
Iron Throne,30
Robb Stark,30
Timett,30
Highgarden,30
Wex,29
Seven Kingdoms,29
Khaleesi,28
Casterly Rock,28
Tywin,28
Kingslayer,28
Needle,28
Clegane,27
Arry,27
High Septon,27
North,27
Ned Stark,27
Lord Commander,26
Tyrion Lannister,25
Aegon,25
Jhogo,25
Roose Bolton,25
Weasel,24
Stannis Baratheon,24
Janos Slynt,24
Walders,24
Pyat Pree,24
Salladhor Saan,24
Ygritte,24
Dagmer,23
Qhorin Halfhand,23
King Robert,23
Go,23
Pod,23
Patchface,23
Aemon,23
Aggo,23
Boros,23
Trident,23
Esgred,22
Mikken,22
Lord of Light,22
Theon Greyjoy,22
Ser Amory,22
Slynt,22
Lord Renly,21
Nan,21
Cleos,21
Old Nan,21
Balon,21
Ebben,21
Ser Jorah,20
Lannisport,20
Farlen,20
Viserys,20
Tyrell,20
Vargo Hoat,20
Grey,20
Lysa,19
Lorren,19
Qartheen,19
Xaro Xhoan Daxos,19
Bitterbridge,19
Jaime Lannister,19
Ser Meryn,19
Citadel,19
Mandon,19
Drogo,19
Asshai,19
Lord Eddard,19
Blackwater,19
Aerys,19
Iron Islands,18
Lord Balon,18
Great Hall,18
Shaggydog,18
Hallyne,18
Dreadfort,18
Bael,18
Dywen,18
Tower of the Hand,18
Mud Gate,18
Devan,18
Redwyne,18
Sandor Clegane,17
Chiswyck,17
Snow,17
Alebelly,17
Whispering Wood,17
Black Betha,17
Grenn,17
Tully,17
Freys,17
Drogon,17
King Joffrey,17
Valyrian,17
Westeros,17
Chataya,17
Petyr,16
Drowned God,16
Ser Dontos,16
Florian,16
Usurper,16
Lady Stark,16
Smallwood,16
Bywater,16
Ser Loras,16
Lady Hornwood,16
Lady Tanda,16
City Watch,16
Warrior,16
Square,15
Maegor,15
Targaryen,15
Deepwood Motte,15
Twins,15
Mountain,15
Tarly,15
Arbor,15
Ser Ilyn,15
Last,15
Cortnay,15
Longclaw,15
Fury,15
Lollys,15
Syrio,15
Selyse,15
Mance Rayder,15
Brandon,14
Knight of Flowers,14
Dolorous Edd,14
Florent,14
Belwas,14
Cat,14
Allard,14
Hornwood,14
Vylarr,14
Shireen,14
Wailing Tower,14
Ser Imry,14
Frostfangs,14
Ser Cortnay,14
White Harbor,13
Urzen,13
Jon Arryn,13
Rhaegar,13
Oldtown,13
Glover,13
Torrhen,13
Queen Cersei,13
Tallhart,13
Lady Catelyn,13
Thoren Smallwood,13
Lord Stark,13
Jacelyn,13
Gods Eye,13
Bloody Mummers,13
Ice,13
Alayaya,13
Small,12
Great Sept of Baelor,12
Amory,12
Robert Baratheon,12
Tickler,12
Tanda,12
Lord Gyles,12
Castle Black,12
Velaryon,12
Jonquil,12
Petyr Baelish,12
Black Lorren,12
Mace Tyrell,12
Renly Baratheon,12
Aeron,12
Queen Regent,12
Little Walder,12
Seagard,12
Janos,12
Dancer,12
Margaery,12
Red Fork,12
Dorne,12
Lordsport,12
Thirteen,11
Rattleshirt,11
Chella,11
Brynden,11
Shadow Tower,11
Lord Bolton,11
King Stannis,11
Lord Arryn,11
Swordfish,11
Koss,11
Davos Seaworth,11
Tysha,11
Lord Mormont,11
Mance,11
Lord Hoster,11
Myraham,11
Dragons,11
Pureborn,11
Ser Osmund,11
Buckwell,11
Ser Mandon,11
Sansa Stark,11
Eyrie,11
Milkwater,11
Lys,11
Braavos,11
Common,11
Lord Tywin Lannister,11
Edd,11
Harren,11
Doran Martell,10
Free Cities,10
Ser Mandon Moore,10
Dagmer Cleftjaw,10
Brave Companions,10
Grand Maester Pycelle,10
Polliver,10
Rowan,10
Ser Balon,10
Lord Varys,10
Myrish,10
Hayhead,10
Ser Jacelyn,10
Pinkeye,10
Lady Marya,10
Greatjon,10
Rivers,10
Pree,10
Hoat,10
Jhiqui,10
Squire Dalbridge,10
Benfred,10
Blackwater Rush,10
Mountains of the Moon,10
Gregor,10
Woth,10
Mollen,10
Crows,10
Eddard,10
Neck,10
Rainbow,10
Kurz,10
Lord Walder,10
Osfryd,10
Lommy Greenhands,10
Reed,10
Oxcross,10
Rakharo,10
Ser Davos,9
Lynesse,9
Manderly,9
Dawn,9
Maester Cressen,9
Skirling Pass,9
Balon Swann,9
Smith,9
Arys,9
Pentos,9
Stygg,9
Podrick Payne,9
Irri,9
Beth,9
Black Ears,9
Jojen Reed,9
Maester Pycelle,9
Khal Drogo,9
Joseth,9
Septa Mordane,9
Holdfast,9
Victarion,9
Moat Cailin,9
Lucan,9
Tarber,9
Estermont,9
Cerwyn,9
Ser Gregor,8
Summer Isles,8
Halfman,8
Rhaenys,8
Flea Bottom,8
Lord Slynt,8
Young Wolf,8
Onion Knight,8
Hand of the King,8
Rhaegal,8
Saan,8
Loras,8
Gyles,8
Chett,8
Hoster,8
Meryn Trant,8
Burned,8
Raff the Sweetling,8
Ser Cleos,8
Cutjack,8
Done,8
Walder Frey,8
Winter,8
Balon Greyjoy,8
Harlaw,8
Illyrio,8
Lord Steffon,8
Smiler,8
Sigrin,8
Pia,8
Matthos,8
Samwell Tarly,8
Moon Boy,8
Jarman Buckwell,8
Fire,8
Aegon the Conqueror,8
Wraith,8
Ser Lancel,8
Desmond,8
Dobber,8
Lightbringer,8
Penrose,8
Cortnay Penrose,8
Lord Janos,8
Baelish,8
Ser Boros,7
Payne,7
Elmar,7
Allar Deem,7
Wendel Manderly,7
Valyria,7
King Renly,7
Meryn,7
Lyseni,7
Lysene,7
Rymund,7
Umbers,7
Darry,7
Amabel,7
Cleftjaw,7
Big Walder,7
Robett Glover,7
Mirri Maz Duur,7
Randyll Tarly,7
Hal Mollen,7
Lord Manderly,7
Dornishmen,7
Palla,7
Kettleblacks,7
Blackfish,7
Cersei Lannister,7
Great Keep,7
Gregor Clegane,7
Lord Rickard,7
Lord Wyman,7
Qyburn,7
Jacelyn Bywater,7
Lord Petyr,7
Utherydes Wayn,7
Quaithe,7
Widow,7
Lumpyhead,7
Visenya,7
Shadd,7
Stranger,7
Sea Tower,7
Kingspyre,7
Caron,7
Baelor,7
Ibbenese,7
Dornish,7
Shaggy,7
Robar,7
Reeds,7
Rosby,7
Dancy,7
Palace of Dust,7
Alliser,7
Vaes Tolorro,7
Ilyn Payne,7
Ser Balon Swann,7
King Aerys,7
Murch,7
Lady Selyse,7
Ser Lyonel,7
Celtigar,7
Tumblestone,6
Myr,6
Pyat,6
Beric Dondarrion,6
Kingslander,6
Ser Cortnay Penrose,6
Deem,6
Damphair,6
Botley,6
Leobald,6
Run,6
Jade Sea,6
Azor Ahai,6
Maester Aemon,6
Dale,6
Ser Amory Lorch,6
High Hill,6
Kettleblack,6
Lorch,6
Fossoways,6
Ser Jacelyn Bywater,6
Aeron Damphair,6
White Hart,6
Lady Lysa,6
Mallister,6
Stafford,6
Aeron Greyjoy,6
Cley Cerwyn,6
Undying Ones,6
Mathis Rowan,6
Leobald Tallhart,6
Arryn,6
Todric,6
Ser Cleos Frey,6
Ballabar,6
Seaswift,6
Nymeria,6
Tyrells,6
Green Fork,6
Mandon Moore,6
Targaryens,6
Princess Myrcella,6
Stony Shore,6
Old Way,6
Undying,6
Sceptre,6
Lord Florent,6
Poxy Tym,6
Hunter,6
Fist,6
Prayer,6
Tullys,6
Small Hall,6
Syrio Forel,6
Lord of Winterfell,6
Arstan,6
Toad,6
Queen Alysanne,6
Pono,6
Lorathi,6
Mander,6
Tourmaline Brotherhood,6
Giant,6
Prince Tommen,6
Mummers,6
Amory Lorch,6
Name,6
Xhoan Daxos,6
Rayder,6
Prince Joffrey,6
Moon,6
Raff,6
Gage,6
Maester Vyman,5
Osney Kettleblack,5
Faithful,5
Ser Preston,5
Spider,5
Oakheart,5
Chayle,5
Golden Tooth,5
Whores,5
Umber,5
Hill,5
Lord Crow,5
Wendel,5
Braavosi,5
Cleos Frey,5
Lord of the Seven Kingdoms,5
Shipbreaker Bay,5
Antler,5
Aerys Targaryen,5
Pride of Driftmark,5
Ser Desmond,5
Benjen Stark,5
Noye,5
Crone,5
Gate of the Gods,5
Prince of Winterfell,5
Grand Maester,5
Lord Caron,5
Marei,5
Hammer,5
Squint,5
Ser Alliser,5
Brienne of Tarth,5
Kromm,5
Greyjoys,5
Praed,5
Whitetree,5
Greywater,5
Gariss,5
Stafford Lannister,5
Ser Wendel,5
Jorah Mormont,5
Justice,5
Gelmarr,5
Goodwife Amabel,5
Lady of Silk,5
Lady Whent,5
Blackwood,5
Maid,5
Thorne,5
Glovers,5
Harra,5
Tywin Lannister,5
Emmon,5
Beauty,5
Lord Beric,5
Betha,5
Euron,5
Thoren,5
Blackwater Bay,5
Elenei,5
Guyard Morrigen,5
Shame,5
Rednose,5
Kyra,5
Lord Caswell,5
Colen,5
Werlag,5
Benfred Tallhart,5
Catelyn Stark,5
Doreah,5
Vyman,5
Devotion,5
Stag of the Sea,4
Frenken,4
Bryce Caron,4
Jalabhar Xho,4
Sea Bitch,4
Fat Tom,4
Turncloak,4
Boltons,4
Vale,4
Prince Rhaegar,4
Viserion,4
Ser Edmure Tully,4
Jory,4
Caswell,4
Whitebeard,4
Salloreon,4
Ballroom,4
Patrek,4
Fist of the First,4
Silence,4
Ilyn,4
Dragonsbane,4
Sept,4
Osfryd Kettleblack,4
Eastwatch,4
Flowstone Yard,4
Osmund,4
Greywater Watch,4
Martell,4
Bell Tower,4
Dondarrion,4
Lord Baelish,4
Gulltown,4
Margaery Tyrell,4
Osney,4
Daenerys Targaryen,4
Strong Belwas,4
Lord Snow,4
Ser Jorah Mormont,4
Daenerys,4
Ser Ilyn Payne,4
Ser Emmon,4
Robar Royce,4
Fossoway,4
Drennan,4
Imry,4
Gilly,4
Shadow,4
Howland Reed,4
Lord Jacelyn,4
Karstark,4
Ser Robar,4
Magister Illyrio,4
Reysen,4
Emmon Cuy,4
Maron,4
Milk,4
Prince of Dorne,4
Durran,4
Prince Doran,4
Piety,4
Lysa Arryn,4
Deepwood,4
Balerion,4
Ser Helman,4
Gerren,4
Mallisters,4
Lord Celtigar,4
Barracks Hall,4
Tower of Ghosts,4
Battle,4
Maester Frenken,4
Crakehall,4
Tyrek,4
Sweetling,4
Ben Stark,4
Lord Velaryon,4
Rush,4
Hallyne the Pyromancer,4
Tarth,4
Old Wyk,4
Daeron,4
Alliser Thorne,4
Prince Aemon the Dragonknight,4
Shagwell,4
First Keep,4
Godsgrace,4
Maester Pylos,4
Bastard of Bolton,4
Mors,4
Septon Chayle,4
Sack of King,4
Brandon Stark,4
Courageous,4
Vhagar,3
Jeyne Poole,3
Dragon,3
Cape Wrath,3
Lord Gyles Rosby,3
Lord Eddard Stark,3
Fool,3
Florents,3
Ser Colen,3
Ser Boros Blount,3
Ser Ottyn,3
Gared,3
Ser Hobber,3
Varner,3
Lady Oakheart,3
Meera Reed,3
Meereen,3
Spicers,3
Quhuru Mo,3
Seaflower,3
Fingers,3
Thought,3
Greatjon Umber,3
Lord Mathis Rowan,3
Falyse,3
Battle of the Camps,3
Bloody,3
Seastone Chair,3
Guildhall of the Alchemists,3
Dragonpit,3
King Harren,3
Lord Jason Mallister,3
Nose,3
Fishwhiskers,3
Drum,3
Lord of Harrenhal,3
Redwynes,3
Bear Island,3
Conwy,3
Dragonknight,3
Lord Hornwood,3
Lord Rossart,3
Seaworth,3
Othor,3
Harridan,3
Harren the Black,3
Ser Horas Redwyne,3
Ottyn Wythers,3
Prince Aemon,3
Black Walder,3
Bael the Bard,3
Osmynd,3
Ser Barristan Selmy,3
Lyanna,3
Ser Jaremy Rykker,3
Clever,3
Arya Stark,3
Acorn Water,3
Loyal,3
Robin Ryger,3
Rymund the Rhymer,3
Brune,3
Pride,3
Ser Arys Oakheart,3
Wyman,3
Aegon the Dragon,3
King Robb,3
Lord Vargo,3
Sorrowful,3
Lark,3
Patches,3
Ser Jon Fossoway,3
Torch,3
Marcher,3
Marches,3
Kevan,3
Cerwyns,3
Ser Hosteen,3
Stonehouses,3
Hobber,3
Ser Stafford,3
Horas Redwyne,3
Mill,3
Shadowblack Lane,3
Rickard Karstark,3
Joffrey Baratheon,3
Tower of Dread,3
Boros Blount,3
Red Sword of Heroes,3
Sunspear,3
Light of the Lord,3
Ser Aron,3
Lady Lyanna,3
Ryman,3
Lord of Dragonstone,3
Ser Gregor Clegane,3
Ser Lancel Lannister,3
Hook,3
Ser Jaremy,3
King of the Iron Islands,3
Beth Cassel,3
Ser Desmond Grell,3
Edric Storm,3
Karstarks,3
Commander Mormont,3
Thousand Thrones,3
Lord Estermont,3
Dalla,3
Aggar,3
Botleys,3
Ser Barristan,3
Paxter Redwyne,3
Edmure Tully,3
Melisandre of Asshai,3
Foamdrinker,3
Turnip,3
Wyman Manderly,3
Lord Karstark,3
Lord Tyrell,3
All-for-Joffrey,3
Meraxes,3
Lord Commander Mormont,3
Lord Cerwyn,3
Lady Walda,3
Benjen,3
Martyn,3
Silver,3
Crag,3
Lady Melisandre,3
Tyroshi,3
Brandon the Burner,3
Drumms,3
Great Wyk,3
Ser Stafford Lannister,3
Hundred Hearths,3
Brynden Blackfish,3
Lord Sunglass,3
Osmund Kettleblack,3
Bloody Keep,3
Bones,3
Lucas,3
Alfyn Crowkiller,3
Iron Gate,3
Bluetooth,3
Red Sword,3
Aenys,3
Aron Santagar,3
First Ranger,3
Ahai,3
Meadows,3
Jason Mallister,3
Mors Umber,3
Lord Botley,3
Martells,3
Lord Brandon,3
Hoster Tully,3
Selmy,3
Kingspyre Tower,3
Loras Tyrell,3
Ancient Guild of Spicers,3
Painted Table,3
Marq Piper,3
Dunsen,3
Water,2
Ser Osmund Kettleblack,2
Ser Mallador Locke,2
Cayn,2
Ser Addam Marbrand,2
Ser Ottyn Wythers,2
Elia,2
Free City of Lorath,2
Willem Lannister,2
Lionstar,2
Arstan Whitebeard,2
Lady Sansa,2
Light,2
Mud Pie,2
Marya,2
Drowned,2
Red Helm,2
Nissa Nissa,2
Ser Rodrik Cassel,2
Piper,2
Crane,2
Sword,2
Castle Stokeworth,2
Deep,2
Sworn,2
Queen Selyse,2
Garlan,2
Greyjoy of Pyke,2
Wild Hares,2
Moore,2
Brienne the Blue,2
Preston Greenfield,2
Myrmen,2
Bar Emmon,2
Delp,2
Lord Beric Dondarrion,2
Lord Greyjoy,2
Ser Jaime the Kingslayer,2
Beric,2
Ramsay,2
Rickard,2
Mathos Mallarawan,2
Guyard,2
Barre,2
Prince Bran,2
Tyrion the Imp,2
Daenerys Stormborn,2
Andrik,2
Josmyn Peckledon,2
Dalbridge,2
Lumpyface,2
Lord of Casterly Rock,2
Astapor,2
Bran Stark,2
Wildwind,2
Jommy,2
Mallador Locke,2
Great Council,2
Lord Reaper of Pyke,2
Greyguard,2
Ser Aenys,2
Ser Perwyn,2
Ser Edmure,2
Elyas,2
Septon Osmynd,2
Ser Waymar,2
Moonrunner,2
Gullet,2
Ser Axell,2
Great Sept,2
Dream,2
Lord Tarly,2
Faceless,2
Stark of Winterfell,2
Rodrik Cassel,2
Bold Laughter,2
Ironhand,2
Aerion,2
Sisterman,2
Thoros of Myr,2
White Bull,2
Queensguard,2
Windproud,2
Tuffleberry,2
Alchemists,2
Lady Catelyn Stark,2
Lady Arryn,2
Sunblaze,2
Jason,2
Lord Paxter,2
Ser Preston Greenfield,2
Commander of the City Watch,2
Lord Tytos,2
Ser Kevan Lannister,2
Hallis Mollen,2
Seahorse,2
Davos of Flea Bottom,2
Hullen,2
Lord Mace Tyrell,2
Red Messenger,2
Tollett,2
Last River,2
Tytos Blackwood,2
Red Claw,2
Black Ear,2
Lord Penrose,2
Helman Tallhart,2
Oldtowner,2
Lady Shireen,2
Bronze Yohn Royce,2
Errol,2
Jarmen Buckwell,2
Brotherhood,2
Mad King,2
Summer Islander,2
Slobber,2
Ser Alliser Thorne,2
Maiden,2
Lord Mathis,2
Slaver,2
Lord Karyl Vance,2
Steelshanks Walton,2
Eastwatch-by-the-Sea,2
Mathis,2
Maric,2
Torches,2
Darrys,2
Willit,2
Summer Sea,2
Marbrand,2
Tion,2
Qohorik,2
Torrhen Stark,2
Dolf,2
Prince Theon,2
Valyrian of the Free Cities,2
Xho,2
Own,2
Green Fork of the Trident,2
Greenhands,2
Rhymer,2
Alester,2
Warrior of Light,2
Forktop,2
Stair,2
Evenfall Hall,2
Lord of Storm,2
God,2
Belly,2
Sourmouth,2
Ser Guyard,2
Whent,2
Brax,2
Lord Walder Frey,2
Arys Oakheart,2
Utherydes,2
Lord Tyrion,2
Valyrians,2
Horror,2
Hightowers,2
Brown Bernarr,2
Mordane,2
Son of Fire,2
Ser Harys Swyft,2
Ironbelly,2
Brandon the Shipwright,2
Saltspear,2
Preston,2
Flint,2
Stokeworth,2
Citadel of Oldtown,2
King Daeron,2
Ser Robin Ryger,2
Martyn Rivers,2
Unlikely,2
Trystane Martell,2
Hands,2
Redwyn,2
Lord of Highgarden,2
Massey,2
Jory Cassel,2
Wolf,2
Lord Selwyn the Evenstar,2
Protector of the Realm,2
Long Lew,2
Tym,2
Tyr,2
Gynir Rednose,2
Lord Jason,2
Street of Steel,2
Ser Perwyn Frey,2
Ashemark,2
Thoros,2
Wood,2
Hother,2
Ser Bryan,2
Josua,2
Robin Flint,2
Chamber of the Painted Table,2
Desmond Grell,2
Lord Bryce Caron,2
Tion Frey,2
King of the Andals,2
King-beyond-the-Wall,2
Pyp,2
Three Sisters,2
Axell Florent,2
Bleeding Star,2
Alester Florent,2
Sam Tarly,2
Ser Helman Tallhart,2
Robett,2
Barristan the Bold,2
Guards Hall,2
Ser Guyard Morrigen,2
Lucas Blackwood,2
Tallharts,2
Paeges,2
Iron Throne of the Seven Kingdoms of Westeros,2
Guyard the Green,2
Red Raven,2
Yi Ti,2
Cinnamon,2
Ser Tanton,2
Conclave,2
Horn Hill,2
Three Whores,2
Steffon,2
Jeyne,2
Porther,2
Dog,2
Lark the Sisterman,2
Conquest,2
Duskendale,2
Great Kraken,2
Robin,2
Heart of Fire,2
Ser Boros Blount of the Kingsguard,2
Morros,2
Lady Ermesande,2
South,2
God of Flame,2
Ser Stevron,2
Ser Harbert,2
Hosteen,2
Horas,2
Lord Goodbrother,2
Qohor,2
Ser Aron Santagar,2
Horseface,2
Strongboar,2
Helya,2
Ben Blackthumb,2
Ragged Jenna,2
Ser Addam,2
Domeric,2
Tooth,2
Ser Axell Florent,2
Theon Turncloak,2
Ser Meryn Trant,2
Lefford,2
Pyromancer,2
Swift Sword,2
Lothor Brune,2
Mormonts,2
Ser Loras Tyrell,2
Jonos Bracken,2
Lances,2
Goodwife Harra,2
Forel,2
Axell,2
Donella,2
Proudwing,2
Morrigen,2
Illyrio Mopatis,2
Swanns,2
Perwyn Frey,2
Lord Eddard Stark of Winterfell,2
King Balon,2
Quicksilver,2
Hearteater,2
Ser Davos Seaworth,2
Lance,2
Rhoynar,2
Maester Tothmure,2
Maekar,2
Lord of Bones,2
Bracken,2
Unsmiling,1
Prince Daeron,1
Wynd,1
Lord Jonos,1
Beesbury,1
Long Summer,1
Exquisite,1
Prince Aerion,1
Galt,1
Rubert Brax,1
Lord Leech,1
King Urron Redhand,1
Gendel,1
Ser Harys,1
Hollard,1
Hobber Redwyne,1
Lord of the Dreadfort,1
Weakwing,1
Ser Wylis,1
Jafer Flowers,1
Ko Jhogo,1
Crackclaw Point,1
Ser Hobber Redwyne,1
Rey,1
Lady Glover,1
Merrett,1
Bottom,1
Lord Lydden,1
Long Barrow,1
Myles,1
Martyn Lannister,1
Alyn,1
Baelor the Blessed,1
Burning of the Ships,1
Lord Alester Florent of Brightwater,1
Brafe Companions,1
Lord Whent,1
Mark Mullendore,1
Blacktyde,1
Lord Bar Emmon,1
Eddison Tollett,1
Halder,1
Lord of Bear Island,1
Cailin,1
Merlyns,1
Prank,1
Brienne the Beauty,1
Lord Bywater,1
Jodge,1
Cow of Faros,1
Dragonmont,1
Ser Stevron Frey,1
Ser Daven,1
Lord Staedmon,1
Lord Leyton Hightower of Oldtown,1
Addam Marbrand,1
Jaime the Kingslayer,1
Eldiss,1
King of the Trident,1
Tothmure,1
Iron Throne of Aegon the Conqueror,1
Milk Snakes,1
Son of the Sea,1
Spring King,1
Slynts,1
Maester Qalen,1
Counter,1
Fifth,1
Deep Lake,1
Maz Duur,1
Azure,1
Dontos the Red,1
Rob,1
Vale of Arryn,1
Whoresbane,1
Hightower,1
Calon,1
Nella,1
Red Walder,1
Flints,1
Greyjoys of Pyke,1
Cassana,1
Crowkiller,1
Endrew,1
Tregar Ormollen,1
Great Spring Sickness,1
Lancel Lannister,1
Master Mott,1
Ser Donnel Locke,1
Xaro Xhoan Daxos of the Thirteen,1
Symon,1
Wynch,1
Benjen the Bitter,1
Raventree Hall,1
Old Valyria,1
Jogos Nhai,1
Lord Jast,1
Colemon,1
Comet,1
Horned Lord,1
Ser Preston Greenfield of the Kingsguard,1
Opener of the Door,1
Raven,1
Walda,1
Aerion the Monstrous,1
Artos the Implacable,1
Prince Aegon,1
Septon Utt,1
Barth,1
Brandon the Bad,1
King Jaehaerys,1
Layna,1
Lord Halys,1
Lord Philip,1
Arya Underfoot,1
Harma the Dogshead,1
Karyl Vance,1
Ser Parmen,1
Brynden Tully,1
Morning,1
Joso,1
Joss,1
City of Bones,1
Harwin,1
Ser Waymar Royce,1
Ashas,1
Dawn Age,1
Way,1
Ser Dontos the Red,1
Captain of the Iron Fleet,1
Theon Stark,1
Ther Aenyth Frey,1
Rides,1
Vayon Poole,1
Howland,1
Lady Minisa,1
Sisters,1
Ser Preston of the Kingsguard,1
Ragwyle,1
Mors Crowfood,1
Blackthumb,1
Bandy,1
Princess Elia,1
Goat,1
Goodman Willit,1
Sygerrik,1
Mad King Aerys,1
Jaremy,1
Undying of Qarth,1
Robert the Usurper,1
Volantis,1
Poul Pemford,1
Matrice,1
Savior of the City,1
Lothor Apple-Eater,1
Ser Jaime Lannister,1
Kenned,1
Wisdom Pollitor,1
Minisa Tully,1
Ser Ryam Redwyne,1
Starks of Winterfell,1
Lord Donnor,1
Lord Cregan,1
Helm,1
Podrick,1
Willem Darry,1
Edderion the Bridegroom,1
Booming Tower,1
Stevron,1
Guildhall,1
Maegor the Cruel,1
Red Ronnet of Griffin Roost,1
Quaithe of the Shadow,1
Lord Eunuch,1
Galbart,1
Ser Gawen Wylde,1
Wisdom Malliard,1
Skyte,1
Broken Anvil,1
Heart,1
Black Harren,1
Lollys Stokeworth,1
Hake,1
Lion,1
Ser Jared Frey,1
Holger,1
Lord Stannis Baratheon,1
Starks Harrenhal,1
Lord Steffon Baratheon,1
Endehar,1
Ser Jaime,1
King Maekar,1
Sunderlies,1
Iron Fleet,1
Robb the Boy,1
Sea Demon,1
King of Salt,1
Prince of the Narrow Sea,1
Willum,1
Blackwoods,1
Lumpyface Stickboy,1
Redbeard,1
Cheyk,1
Lord Paramount of the Trident,1
Eyron,1
King Harren the Black,1
Pentoshi,1
Warden of the West,1
Dorren Stark,1
Aegon the Unworthy,1
Barristan Selmy,1
Mullendores,1
Bay of Seals,1
Ser Arthur Dayne,1
Skagos,1
Lord Rodwell,1
Lumpyface Lumpyhead Rabbitkiller,1
Harbor,1
Lord of Brightwater,1
Trumpeteer,1
Dragonmother,1
Joffrey the Illborn,1
Summer Sun,1
Westerlings,1
Lord of Riverrun,1
Ser Colen of Greenpools,1
Lorath,1
Whents,1
Crowfood,1
Ser Lymond Vikary,1
Garlan Tyrell,1
Lady Mormont,1
Mallador,1
Lord Umber,1
Goodbrothers,1
Ashara Dayne of Starfall,1
Broken Arm,1
Hart,1
Red Rolfe,1
River Trident,1
Wylis,1
Lord Meadows,1
Yunkai,1
Wisdom Munciter,1
Steel,1
Son,1
Lord Crakehall,1
Galley White Hart,1
Sow,1
Pennylover,1
Lord Gulian Swann,1
Otter Gimpknee,1
Fever River,1
Jon Fossoway,1
Foote,1
Burner,1
Rotten Summer,1
Aerion Brightflame,1
Iron Victory,1
Bloody Meadow,1
Harlaws,1
Lord Commander of the Kingsguard,1
Whitesmile Wat,1
Lord Reaper,1
Lamb,1
Warlock,1
Mountains,1
Sparrs,1
Ser Timon the Scrapesword,1
Ser Dermot of the Rainwood,1
Freehold of Valyria,1
Qyle,1
Summer Islands,1
Hallyne the Pyromancer of the Alchemists,1
Garden of Gehane,1
Dragonkings,1
Westerling,1
Street of Silver,1
Mycah,1
Lord Lothston,1
Enger,1
Andrik the Unsmiling,1
Maester Ballabar,1
Lord Lamprey,1
Colen of Greenpools,1
Heartsbane,1
Nissa,1
Ser Endrew Tarth,1
Saltcliffe,1
Trant,1
Sawane,1
Lady Margaery,1
Lord Willam,1
Reeking Lane,1
Lannister of Casterly Rock,1
Lady Meera,1
Willem,1
Arya Stark the Hand,1
Nurse,1
Baratheons,1
Ryman Frey,1
Faithful Urswyck,1
Crippler,1
Walton,1
Howland Reed of Greywater Watch,1
Maiden Fair,1
Lorn Point,1
Gorge,1
Street of Looms,1
Cley,1
Lord Deremond,1
Burning,1
Ser Horas,1
Lord Ramsay,1
Gallery of the Iron Torches,1
Dogs,1
Laughing Lord,1
Pigrun Alley,1
Daeron Targaryen,1
Ice Dragon,1
Dornishman,1
Morros Slynt,1
Battle of the Blackwater,1
Princess Rhaenys,1
Petto,1
Vermillion Kiss,1
Briarwhite,1
Guncer Sunglass,1
Rodrik Greyjoy,1
Tyrosh,1
Dolt,1
Wayn,1
Royces,1
Rambtons,1
Warden of the East,1
Ser Hubard Rambton,1
Olyvar,1
Ser Gawen,1
Mullendore,1
South of the Red Fork,1
Lord Robb,1
Saathos the Wise,1
Red God,1
Tall Trees Town,1
Wisdom,1
Saduleon,1
Lord of the Crossing,1
Lady Donella,1
Lord Randyll,1
Gorne,1
Bran the Builder,1
Ser Philip,1
Edwyn the Spring King,1
Kinslayer,1
Ears,1
Ser Edwyd,1
Lord Lefford,1
Qarl the Maid,1
Harbinger,1
Horned Honor,1
Cobbler,1
Brandon the Daughterless,1
Queen of the Seven Kingdoms,1
Bryce,1
Lord Lannister,1
Aerys Oakheart,1
Ser Garlan the Gallant,1
Lord Willum,1
Lady Lollys,1
Ambrode,1
Knelt,1
Hosteen Frey,1
Boy Wolf,1
Paxter,1
Jeffory Mallister,1
Free Cities of Myr,1
Ser Endrew,1
Walton the Moon King,1
Footmen,1
Ser Burton Crakehall,1
East,1
Kitchen Keep,1
Ser Emmon Frey,1
Tail,1
Jhaqo,1
Doran,1
Elbert Arryn,1
Ibben,1
Stonehelm,1
Sword of the Morning,1
Gelmarr the Grim,1
Lhazareen,1
Castamere,1
Aenys Frey,1
Unburnt,1
Lady Lysa Arryn,1
Blacktydes,1
Hares,1
Delena,1
Ser Ilyn the King,1
Lord Brax,1
Ser Parmen Crane,1
White Sword,1
Wendello Qar Deeth,1
Brightfish,1
Gr,1
Lady Genna,1
Lord Tywin Lannister of Casterly Rock,1
Lord Alester,1
Lord Littlefinger,1
Aemon the Dragonknight,1
Lord Bryce,1
Sowbelly Row,1
Bend,1
Free City of Volantis,1
Shermer,1
Ser Mark Mullendore,1
Patrek Mallister,1
Ended,1
Fishmonger,1
Cow,1
Pendric Hills,1
Lord Maester,1
Waltyr,1
Bronze Yohn,1
Paramount of the Trident,1
Jaehaerys,1
Sloe-Eyed Maid,1
Hendry,1
Conwys,1
Warden of the North,1
Symeon Star-Eyes,1
Rhoyne,1
Bitch,1
Mo,1
Nunn,1
Stormdrunk,1
Khal Jhaqo,1
Mallarawan,1
Brandon the Builder,1
Hot Hearts,1
Trident Three,1
Lannisters of Casterly Rock,1
Faith,1
Frozen Shore,1
Lord Rickard Karstark,1
Lumpyhead Rabbitkiller,1
Lord Janos of Harrenhal,1
Whale,1
Santagar,1
Lord Mooton,1
Rolfe,1
Aerys the First,1
Cuy,1
Enthroned,1
Civic,1
Khal Pono,1
Tygett,1
Tarths,1
Illborn,1
Gerold Hightower,1
Red Crab,1
Ser Arys,1
Ryam Redwyne,1
Ser Philip Foote,1
Lord of the Iron Islands,1
Driftmark,1
Lord Drumm of Old Wyk,1
Ser Arneld,1
Ser Garlan Tyrell,1
Ser Arnell,1
Fever,1
Trystane,1
Hal,1
Donella Hornwood,1
Ramshead,1
Harys Haigh,1
Goodman Ironbelly,1
Great Hall of Riverrun,1
South of the Blackwater,1
Jammos,1
Ti,1
Joramun,1
Greyhound,1
Ser Jon,1
Lord of Greywater,1
Urrathon Night-Walker,1
Will Shaggydog,1
Ser Wendel Manderly,1
Selyse Florent,1
Free,1
Bird of Thousand Colors,1
Serwyn of the Mirror Shield,1
Lady Catelyn Stark of Winterfell,1
Ser Willem Darry,1
Lumpyhead Lumpyface Stickboy,1
Lord Barth,1
Bard,1
Shade,1
Evenstar,1
Black Dread,1
Straits of Tarth,1
Ottyn,1
Hothen,1
Lord Edwyle,1
Stevron Frey,1
Kevan Lannister,1
Symon Silver,1
Lord Swann,1
Flement Brax,1
Faros,1
Lady Brienne of Tarth,1
King of the Isles,1
Old Gate,1
Gulian Swann,1
Storm King,1
Stormborn,1
Ser Garlan,1
Farring,1
Blount,1
Durran Godsgrief,1
Edwyn,1
Ser Bonifer the Good,1
Fair,1
Sygerrik of Skagos,1
Will the Asshai,1
Valyrian of the Nine Free Cities,1
Eggon,1
Lady Greyjoy,1
Lady Lynesse,1
Castle Cerwyn,1
Egon Emeros the Exquisite,1
Lord Randyll Tarly of Horn Hill,1
Vaes Dothrak,1
Rykkers,1
Ser Vardis Egen,1
Ser Willem,1
Cadwyn,1
Cadwyl,1
Ser Arryk,1
Lord Hoat,1
Lord Beron,1
Lord Varner,1
Bride,1
Aegon Targaryen,1
Hod,1
Ser Erryk,1
Titan of Braavos,1
Lord Robert,1
Euron Croweye,1
Harys Swyft,1
Gawen,1
Freys of the Crossing,1
Tytos,1
Pisswater Bend,1
Qarl,1
Lord Randyll Tarly,1
Urreg,1
Petyr Pimple,1
Library Tower,1
Lord Commander of Robert Baratheon,1
Ronnet,1
Hother Umber,1
Lord Faro,1
Ulf,1
Stony,1
Motte,1
Joss Stilwood,1
Frozen Ford,1
Painted Dogs,1
Burned Tower,1
Maester Kym,1
Spicer,1
Aegon the Unlikely,1
Ser Guyard the Green,1
White Knife,1
Merling Rock,1
Whoremonger King,1
Lord Leyton,1
Lydden,1
Lord Edmure,1
Lord Commander of the Night,1
Lord Harys,1
Sigrin the Shipwright,1
Lady Harra,1
Ser Kevan,1
Nine Free Cities,1
Lord High Captain,1
Lord Locke,1
Croweye,1
East Gate,1
Shyra,1
Wendwater,1
Malliard,1
Keeper of the Long List,1
Ser Errol,1
Glover of Deepwood Motte,1
Guards,1
Horn of Winter,1
Rushing Falls,1
Myrcella Baratheon,1
Magister Manolo,1
Benjen the Sweet,1
Weeping,1
Saltcliffes,1
Hornwoods,1
Wynches,1
Mopatis,1
Arya of Winterfell,1
Monstrous,1
Utt,1
Lord Vargo Hoat,1
Lord Robert of the Eyrie,1
Lady Flint,1
Sheepstealer,1
Davos Shorthand,1
River King,1
Broken Nose,1
Jast,1
Larence Snow,1
Sea Dragon Point,1
High Valyrian,1
Keepers of the Keys,1
Dunaver,1
Ser Alyn Stackspear,1
Rebellion,1
Dunn,1
Own Hand,1
Alfyn,1
Guild of Spicers,1
Field of Fire,1
Ser Wylis Manderly,1
Goodbrother of Great Wyk,1
River Gate,1
Morosh the Myrman,1
Kyle Royce,1
White Swords,1
Temple of Memory,1
Princess Naerys,1
Blind Sybassion the Eater of Eyes,1
Mebble,1
Byren Farring,1
Shitmouth,1
Ser Hubard,1
Coppersmith,1
Lord Balon Greyjoy,1
Queen of the Seven Kingdoms of Westeros,1
Ser Aenys Frey,1
Harrion Karstark,1
Ser Imry Florent,1
Alysanne,1
King Edrick Snowbeard,1
Lord of White Harbor,1
Town,1
Crow,1
Mole,1
Silken Spirit,1
Muddy Way,1
Jarman,1
Brave Companion,1
Rhaego,1
Thunderclap,1
Walder Rivers,1
Lord Frey,1
Frey of the Crossing,1
Ardent Friend,1
Elmar Frey,1
Beggar King,1
Meryn Trant of the Kingsguard,1
Ser Malcolm,1
Hugh,1
King Robb the Boy,1
Lord of the Arbor,1
Tyrek Lannister,1
Red Watch,1
Jonos,1
Orange,1
Harrentown,1
Jeor Mormont,1
River Arrow,1
Wet Nurse,1
Elia of Dorne,1
Robert Arryn,1
Bastard Walder,1
Lord Jonnel,1
Age of Heroes,1
Footly,1
Street of Flour,1
TomToo,1
Lord of the Tides,1
Summer Islanders,1
Ill,1
Blackbar,1
Urron Redhand,1
River Row,1
Prince of Fools,1
Hungry Wolf,1
Steffon Baratheon,1
Jared,1
Lord Rickard Stark,1
Lord of Brightwater Keep,1
Sea Dragon Tower,1
Street of the Sisters,1
Lord High Captain Ser Imry Florent,1
Barristan,1
Stilwood,1
Undying One,1
Bravo,1
Scales,1
Guest Keep,1
Guild,1
Skittrick,1
Victory,1
Aurane,1
Dornish Marches,1
Ser Denys Mallister,1
Memory,0
Edric,0
Sunglass,0
Arrow,0
Bryan,0
Hubard,0
Denys,0
Leyton,0
Barracks,0
Saathos,0
Reaper,0
Dermot,0
Kiss,0
Vaes,0
Helman,0
Eyes,0
Goodbrother,0
Flour,0
Ardent,0
Fork,0
Reeking,0
Age,0
Peckledon,0
Ford,0
Whispering,0
Colors,0
Myrman,0
Muddy,0
Greenpools,0
Rabbitkiller,0
Beron,0
Edrick,0
Seastone,0
Freehold,0
Lyonel,0
Karyl,0
Thousand,0
Tides,0
Row,0
Library,0
Tourmaline,0
Bleeding,0
Companion,0
Edderion,0
Willam,0
Eye,0
Rodwell,0
Meadow,0
Kraken,0
Keys,0
Rykker,0
Arm,0
Vance,0
Wendello,0
Silk,0
Swords,0
Ther,0
Rossart,0
Mirri,0
Arthur,0
Yohn,0
Urrathon,0
Keeper,0
Allar,0
Deeth,0
Brown,0
Xhoan,0
Vargo,0
Ones,0
Wat,0
Council,0
Gimpknee,0
Heroes,0
Serwyn,0
Skirling,0
Frozen,0
Ryger,0
Wet,0
Scrapesword,0
Anvil,0
Sack,0
Morosh,0
Redhand,0
Addam,0
Sickness,0
Wild,0
Whitesmile,0
Pemford,0
Blessed,0
Rambton,0
Azor,0
Bar,0
Emeros,0
Wythers,0
Pollitor,0
Throne,0
Swann,0
Locke,0
Flea,0
Rubert,0
Palace,0
Arneld,0
Dread,0
Arnell,0
Selwyn,0
Titan,0
Dolorous,0
Salt,0
Sybassion,0
Gehane,0
Quhuru,0
List,0
Gerold,0
Trees,0
Fools,0
Urswyck,0
Acorn,0
Bonifer,0
Malcolm,0
Vermillion,0
Brightflame,0
Field,0
Shadowblack,0
Wise,0
Broken,0
Greenfield,0
Straits,0
Seals,0
Jogos,0
Sowbelly,0
Chair,0
Ashara,0
Ancient,0
Pisswater,0
Daxos,0
Vayon,0
Lake,0
Hearts,0
Larence,0
Islanders,0
Wyk,0
Philip,0
West,0
Aron,0
Bernarr,0
Jalabhar,0
Waymar,0
Sun,0
Camps,0
Tregar,0
Silken,0
Warden,0
Manolo,0
Claw,0
Edwyle,0
Laughing,0
Naerys,0
Sloe-Eyed,0
Drumm,0
Bronze,0
Rainwood,0
Kitchen,0
Arryk,0
Mooton,0
Rushing,0
Harbert,0
Tolorro,0
Erryk,0
Flement,0
Munciter,0
Lothor,0
Nhai,0
Door,0
Griffin,0
Mathos,0
Shield,0
Pass,0
Street,0
Pendric,0
Gallant,0
Shorthand,0
Honor,0
Stickboy,0
Symeon,0
Snakes,0
Kym,0
Galley,0
Horned,0
Artos,0
Gallery,0
Bird,0
Goodman,0
Elbert,0
Tall,0
Ryam,0
Hearths,0
Underfoot,0
Fleet,0
Bridegroom,0
Mace,0
Tom,0
Swift,0
Bell,0
Josmyn,0
Daughterless,0
Ships,0
Eunuch,0
Cregan,0
Guest,0
Brafe,0
Beggar,0
Crossing,0
Looms,0
Opener,0
Ermesande,0
Islander,0
Dayne,0
Perwyn,0
Harma,0
Lew,0
Keepers,0
Stag,0
Star,0
Star-Eyes,0
Jafer,0
Wylde,0
Sandor,0
Starfall,0
Mark,0
Tanton,0
Marq,0
Shipbreaker,0
Byren,0
Flame,0
Jenna,0
Messenger,0
Barrow,0
Yi,0
Lorn,0
Friend,0
Thrones,0
Edwyd,0
Cassel,0
Harys,0
Kyle,0
Grell,0
Royce,0
Unworthy,0
Brightwater,0
Evenfall,0
Gynir,0
Spirit,0
Night-Walker,0
Pigrun,0
Falls,0
Jade,0
Chamber,0
Qar,0
Dorren,0
Jeor,0
Minisa,0
Vardis,0
Raventree,0
Savior,0
Faro,0
Timon,0
Harrion,0
Crackclaw,0
Donnor,0
Merling,0
Hundred,0
Egen,0
Poul,0
Crab,0
Randyll,0
Dogshead,0
Garden,0
Blind,0
Halys,0
Salladhor,0
Ghosts,0
Flowstone,0
Genna,0
Guncer,0
Whoremonger,0
Jeffory,0
Urron,0
Onion,0
Demon,0
Mad,0
Ragged,0
Wrath,0
Qalen,0
Poxy,0
Rotten,0
Maz,0
Moat,0
Lothston,0
Kingdoms,0
Godsgrief,0
Temple,0
Pimple,0
Staedmon,0
Deremond,0
Andals,0
Laughter,0
Conqueror,0
Burton,0
Jonnel,0
Hungry,0
Egon,0
Snowbeard,0
Daven,0
Hills,0
Steelshanks,0
Eater,0
Jarmen,0
Painted,0
Golden,0
Implacable,0
Dothrak,0
Lymond,0
Wailing,0
Mirror,0
Swyft,0
Knife,0
Narrow,0
Realm,0
Cape,0
Dust,0
Leech,0
Casterly,0
Roost,0
Hallis,0
Duur,0
Apple-Eater,0
Poole,0
Roose,0
Ear,0
Stackspear,0
Companions,0
Grim,0
Table,0
Aenyth,0
Samwell,0
Otter,0
Yard,0
Haigh,0
Mud,0
Parmen,0
Gulian,0
Lamprey,0
Vikary,0
Donnel,0
Ormollen,0
Booming,0
Mott,0
Septa,0
Eddison,0
Paramount,0
Protector,0

2249
