Jon,673
Tyrion,614
Dany,391
Wall,295
Stannis,266
Meereen,229
Reek,226
Bran,196
Hizdahr,191
Theon,189
Yunkai,169
Ramsay,166
Asha,165
Daenerys,164
Griff,164
Winterfell,159
Davos,157
Quentyn,154
Snow,154
Jon Snow,151
Penny,133
Westeros,131
Barristan,121
Cersei,119
Melisandre,115
Jaime,111
Daario,109
Watch,107
Bolton,104
Volantis,102
Dorne,102
Hodor,98
Ser Barristan,96
Landing,92
Reznak,90
Haldon,87
Tormund,87
Victarion,84
Night,82
Illyrio,78
Lannister,75
Ghost,75
Unsullied,73
Gerris,73
Val,73
Arya,71
Stark,70
Selmy,70
Astapor,69
Duck,69
Mormont,68
Shavepate,68
Meera,65
Seven Kingdoms,62
Eastwatch,61
Missandei,60
Iron Throne,60
Robert,60
Drogon,60
White Harbor,58
Bowen Marsh,58
Roose Bolton,58
Qarth,57
Hizdahr zo Loraq,56
Skahaz,55
Yezzan,55
Sam,54
Harpy,53
Marsh,51
Brazen Beasts,51
Tommen,51
Others,51
Freys,51
Ghiscari,49
Hand,49
Lord Snow,49
Dreadfort,49
Yunkish,49
Aegon,48
Mance,48
Slaver,47
Kevan,47
Dornishmen,47
Pentos,46
Irri,46
Daenerys Targaryen,45
Lord Ramsay,45
Castle Black,44
Targaryen,43
Rhaegar,43
Tattered Prince,43
Shy Maid,42
Moqorro,42
Stannis Baratheon,41
Casterly Rock,41
Mance Rayder,41
Yandry,40
Windblown,40
Varamyr,40
Dolorous Edd,40
Lemore,40
Abel,40
Golden Company,40
Edd,40
Westerosi,39
Halfmaester,38
Blood,38
Dragons,38
Rhoyne,38
Connington,38
Drowned,37
Braavos,37
Summer,37
Kingsguard,37
Dragonstone,36
Jhiqui,36
Pyke,35
Manderly,35
Greyjoy,35
Wyman,34
Lord of Light,34
Belwas,34
Meereenese,34
Frog,34
Jon Connington,34
Reznak mo Reznak,33
Lannisters,33
Nurse,33
Gilly,33
Yollo,33
Frey,33
Leathers,33
Jorah,33
Jeyne,33
Valyria,32
Robb,32
Barristan Selmy,32
Khrazz,32
Hardhome,32
Radiance,32
Lord Wyman,32
Too,32
Euron,32
Xaro,32
Eye,31
Deepwood Motte,31
Satin,31
Glover,31
Hotah,31
King Stannis,31
Karstark,31
Jorah Mormont,31
Mole,31
Jojen,31
Holly,30
Oldtown,30
Clydas,30
Me,30
Valyrian,30
Viserion,29
Rowan,29
Joffrey,29
Lys,29
Stormcrows,29
Ysilla,28
Braavosi,28
Astapori,28
New Ghis,28
Baratheon,28
Barrowton,28
Mully,27
Ben,27
Yunkishmen,27
Ben Plumm,27
Wyman Manderly,27
Moat Cailin,27
Slynt,27
Rattleshirt,26
Magnar,26
Dustin,26
Volantene,26
Haggon,26
Tywin,26
Tormund Giantsbane,26
Loraq,25
Cat,25
Viserys,25
Storm,25
Selyse,25
Yarwyck,24
Ser Jorah,24
Volantenes,24
Varys,24
Tyrell,24
Myrcella,24
Horse,24
Ygritte,24
Eddard Stark,23
Daario Naharis,23
Deepwood,23
Tywin Lannister,23
Qarl,23
Lord Eddard,23
Bracken,23
Sweets,23
Tyrion Lannister,22
Obara,22
Young Griff,22
Mace Tyrell,22
Theon Greyjoy,22
Massey,22
Old Volantis,22
Justin Massey,22
Devan,22
Meris,21
End,21
Grey Worm,21
Myrish,21
Bloodbeard,21
Yellow City,21
High Holiness,21
Aemon,21
Galazza Galare,21
Quentyn Martell,21
Imp,21
Free Cities,20
Stepstones,20
Galbart Glover,20
Young Wolf,20
Martell,20
Pretty Meris,20
Lord Tywin,20
High Septon,20
Worm,20
Den,20
Lady Melisandre,20
Thenns,19
Gerris Drinkwater,19
Plumm,19
Inkpots,19
Iron Fleet,19
Janos Slynt,19
Wun Wun,19
Skahazadhan,19
Last,19
Cotter Pyke,19
Harry Strickland,19
Haldon Halfmaester,19
Blackwood,19
Strickland,19
Wise Masters,19
Lord Stannis,19
Groleo,19
Emmett,18
Prince Quentyn,18
Shadow Tower,18
Gods,18
Great Pyramid,18
Weeper,18
Sansa,18
Coldhands,18
Lady Dustin,18
Suggs,18
Ghis,18
Toregg,18
Dalla,18
Ned Stark,18
Roose,18
Cletus,18
Myr,17
Queen Selyse,17
Lord Steward,17
Death,17
Prince Rhaegar,17
Maester Aemon,17
Mountain,17
Rhaegal,17
Strong Belwas,17
Iron Emmett,17
Ramsay Bolton,17
Great Masters,17
Sorrows,17
Starks,17
Hugor,17
Lannisport,17
Other,17
Arnolf Karstark,17
Lord Commander,17
Red Keep,17
Temple,17
Arianne,17
Above,16
Asha Greyjoy,16
Old Bear,16
Garth,16
Cleon,16
Arch,16
Karhold,16
Tysha,16
Sisterton,16
Flint,16
Many,16
Shireen,16
Nightfort,16
Skinner,16
Roost,16
Benerro,16
Rakharo,16
Selaesori Qhoran,16
Sour Alyn,15
Light,15
Lyseni,15
Qartheen,15
Ser Balon,15
Sit,15
Tyene,15
Symon Stripeback,15
Iron Bank,15
Othell Yarwyck,15
Hagen,15
Selhorys,15
Sunspear,15
Brown Ben,15
Khal Drogo,15
Jhogo,15
Aggo,15
Godric,15
Ser Kevan,15
Words,15
Aerys,15
Lump,14
Khaleesi,14
Queen Daenerys,14
Leaf,14
Greyguard,14
Hugor Hill,14
Pentoshi,14
Unella,14
Qezza,14
Justin,14
Ryswells,14
Tris,14
Crunch,14
Pit,14
Horn,14
Kevan Lannister,14
Hardin,14
Axell Florent,14
Raventree,14
Salla,14
Caggo,14
High Valyrian,14
Yurkhaz zo Yunzak,14
Thistle,14
Small,13
Elia,13
King Hizdahr,13
Iron Islands,13
Sire,13
Tris Botley,13
Septa Unella,13
Squirrel,13
Longclaw,13
Tyrosh,13
Merchant,13
Doran,13
Qyburn,13
Balon,13
Daznak,13
Faith,13
Tolos,13
Drinkwater,13
Him,13
Citadel,13
Franklyn Flowers,13
Flowers,13
Trident,13
Barsena,13
Rayder,13
Blackwater,13
Pynto,12
Pretty Pig,12
Dick Straw,12
Ben Bones,12
Square,12
Boltons,12
War,12
Damon Dance,12
Cromm,12
Cellador,12
Dornishman,12
King Robert,12
Old Nan,12
Great Hall,12
Griffin,12
Bittersteel,12
Water Gardens,12
Ser Justin,12
Fire,12
Harry,12
Godry,12
Walder,12
Qavo,12
Lady Nym,12
Salladhor Saan,12
Theon Turncloak,12
Jonos,12
Lancel,12
Doran Martell,11
Hungerford,11
Alys,11
Prince Aegon,11
Not,11
Twins,11
Robert Baratheon,11
Sigorn,11
Lord Bolton,11
Hornfoot,11
Lady Alys,11
Rory,11
Bump,11
Arya Stark,11
Donal Noye,11
Warden,11
Yronwood,11
Spotted Cat,11
Marselen,11
Davos Seaworth,11
Norrey,11
Hobb,11
Nymeria,11
Scolera,11
Prince Doran,11
Richard Horpe,11
Little Walder,11
Long,11
Maester Pycelle,11
Septa Scolera,11
Lord of Winterfell,11
Drink,11
Kyra,11
Poor Fellows,11
Isle,11
Tyroshi,11
Stalwart Shield,11
Skahaz Shavepate,11
Ramsay Snow,11
Axell,11
Horpe,11
Grimtongue,11
Warrior,11
Rhoynar,11
Clayton Suggs,11
Denzo,10
Boys,10
Butcher King,10
Galare,10
Brandon,10
Borroq,10
Victarion Greyjoy,10
Umber,10
Lysene,10
Brynden,10
Skahaz mo Kandaq,10
Arbor,10
Hero,10
Jack Bulwer,10
Usurper,10
Lord Manderly,10
Straw,10
Craster,10
Groat,10
Doom,10
Hornwood,10
Robb Stark,10
Dywen,10
Grief,10
Patchface,10
Scar,10
Free,10
Quent,10
North,10
Highgarden,10
Shae,10
Bones,10
Lady Arya,10
Lightbringer,10
Riverrun,10
Corliss Penny,10
Roger Ryswell,9
Arron,9
Long Barrow,9
Joff,9
Spider,9
Long Bridge,9
Ned,9
Beans,9
Damphair,9
Whoresbane,9
Meera Reed,9
Thirteen,9
Breaker,9
Court,9
Areo Hotah,9
Sisters,9
Tarly,9
Varamyr Sixskins,9
High Sparrow,9
Brazen Beast,9
Great Sept,9
Dawn,9
Torrhen,9
Randyll Tarly,9
Yezzan zo Qaggaz,9
Wylis,9
Iron Victory,9
Frenya,9
Yunkishman,9
Vole,9
Grazhar,9
Florent,9
Ser Patrek,9
Blue Graces,9
King Tommen,9
Magister Illyrio,9
Kingslayer,9
Shieldhall,9
Maid,9
Oh,9
Karstarks,9
Long Lances,9
Battle,9
Ryswell,9
Hop,9
Merman,9
Shrouded Lord,9
Drogo,9
Reach,9
Stout,9
Asshai,9
Lord of White Harbor,9
Teats,9
Company,9
Dick,9
Lady Leona,8
Hazzea,8
Ser Godry,8
Goghor the Giant,8
Sand Snakes,8
Flints,8
Patrek,8
Arnolf,8
Red Viper,8
Big Walder,8
Blackwoods,8
Manderlys,8
Children,8
Malaquo,8
Halleck,8
Wun,8
Septa Moelle,8
Lamb,8
Maiden,8
Fair Isle,8
Balon Swann,8
Rickon,8
Godry the Giantslayer,8
Owen the Oaf,8
Hosteen Frey,8
Miklaz,8
Aenys Frey,8
Aeron,8
Harlaw,8
Adventure,8
Peasebury,8
Quaithe,8
Cregan,8
Barristan the Bold,8
Steelskin,8
Tytos,8
White Knife,8
Duskendale,8
Robin,8
Alliser Thorne,8
Andals,8
Reed,8
Giantslayer,8
Lhazar,8
Giantsbane,8
Name,8
Mors Umber,8
Ulmer,8
Disputed Lands,8
Bastard of Bolton,8
Greenguts,8
Cape Wrath,7
Lord of the Dreadfort,7
Kiss,7
Oberyn,7
Alyn,7
Sworn,7
Merreq,7
Botley,7
Harwood Stout,7
Hill,7
Swords,7
Azor Ahai,7
Daenerys Stormborn,7
Gerrold,7
Sealord,7
Godry Farring,7
Whoresbane Umber,7
Crone,7
Lord Tytos,7
Greatjon,7
Rivers,7
Naharis,7
Kem,7
Merry Midwife,7
Emrick,7
Blackheart,7
Ser Malegorn,7
Pycelle,7
Pahl,7
Willow,7
Walder Frey,7
Bridge of Skulls,7
Hazkar,7
Grunt,7
Tyrells,7
Lord Rickard,7
Finger Hobb,7
Belaquo Bonebreaker,7
Beth,7
Yurkhaz,7
Thorne,7
Umma,7
Trystane,7
Aegon the Conqueror,7
Archibald,7
Pyp,7
Three Sisters,7
Black Balaq,7
Kasporio,7
Oppo,7
Bowen,7
New Castle,7
Barbrey Dustin,7
Moelle,7
Mantarys,7
Volon Therys,7
Gift,7
Margaery,7
Harrenhal,7
Lord Connington,7
Illyrio Mopatis,7
Cats,7
Kerwin,7
Eel,7
Lord Janos,7
Vhagar,6
Ser Rolly,6
Meadowlark,6
Flea Bottom,6
Myles,6
Wull,6
Gerrick Kingsblood,6
Turncloak,6
Faced,6
Ser Robert,6
Jade Sea,6
Seastone Chair,6
Saan,6
Umbers,6
Vogarro,6
High Hill,6
Ser Bartimus,6
Othell,6
Icemark,6
Redbeard,6
Hairy Hal,6
Soren Shieldbreaker,6
Dolorous Edd Tollett,6
Sly,6
Hoster,6
Kenning,6
Ser Hosteen,6
Kandaq,6
Bill Bone,6
Ellaria,6
Qarl the Maid,6
Shield,6
Black Wall,6
Raymun Redbeard,6
Honor,6
Purple Harbor,6
Theomore,6
Balon Greyjoy,6
Wick Whittlestick,6
Ralf the Limper,6
The Norrey,6
Ghoyan Drohe,6
Clayton,6
Tycho Nestoris,6
Nyessos,6
Widow,6
Gregor,6
Ellaria Sand,6
Longwater Pyke,6
Ty,6
Liddle,6
Eyrie,6
Eddard,6
Zhak,6
Toad,6
Old Ghis,6
Lord Davos,6
Dance,6
Lysono Maar,6
Brusco,6
Old Flint,6
Weeping,6
King Aerys,6
Septon Cellador,6
Wun Weg Wun Dar Wun,6
Dagger Lake,6
Snatch,6
Homeless Harry,6
Mors,6
Lord of Bones,6
Jeyne Poole,5
Ser Clayton,5
Cailin,5
Khyzai Pass,5
Therry,5
King Cleon,5
Eroeh,5
Denys Mallister,5
Fiery Hand,5
Torgon,5
Walda,5
Barth,5
Drunkard,5
Wendel,5
Lady Lu,5
Ragman,5
Tycho,5
Wulfe One,5
Ser Axell,5
Bridge of Dream,5
Robett Glover,5
Lord Brynden,5
Aegon the Unworthy,5
Sand,5
Mikken,5
Queen Cersei,5
Tallhart,5
Xaro Xhoan Daxos,5
Stoney Sept,5
Goghor,5
Crowfood,5
Princess Arianne,5
Peck,5
One Eye,5
Tollett,5
Grazdan,5
Wylla,5
Gatehouse Tower,5
Harwood Fell,5
Marghaz,5
Mad King,5
Qhorin Halfhand,5
Battlements Gate,5
Hammer,5
Erik,5
Larraq,5
King Aegon,5
Thief,5
Lord Regent,5
Shields,5
Boros Blount,5
Bells,5
Tom Barleycorn,5
Widower,5
Mhysa,5
Cersei Lannister,5
Gerrick,5
Yaros,5
Gregor Clegane,5
Ser Grandfather,5
Barsena Blackhair,5
Ezzara,5
Littlefinger,5
Targaryens,5
Tolosi,5
Undying,5
Ser Rodrik,5
Longstrider,5
Mandrake,5
Naathi,5
Janos,5
Seal Gate,5
Jojen Reed,5
Red City,5
Yunzak,5
Yellow Dick,5
Queen of Meereen,5
Balaq,5
Archibald Yronwood,5
Barrow Hall,5
Woods,5
Ibbenese,5
Grenn,5
Lorren Longaxe,5
Pono,5
Reeds,5
Mander,5
Ser Narbert,5
Lord Locke,5
Hildy,5
Lord Walder,5
Brackens,5
Hosteen,5
Qohor,5
Rebellion,5
Greenblood,5
Estermont,5
Ice,5
Lord Arnolf,5
Aenys,5
Damon,5
Stalwart Shields,5
Peace,5
Oakenshield,5
Beneath,5
Poole,5
Luton,5
Cerwyn,5
Sothoryos,5
Jared,5
Ser Brus,5
Ser Archibald,5
Ghael,4
Halfman,4
Dragon Point,4
Mad Aerys,4
Lady Sybelle,4
Osney Kettleblack,4
Eyes,4
Baelor the Blessed,4
Mezzara,4
Age,4
Thenn,4
Maegor,4
Books,4
Freehold,4
Caggo Corpsekiller,4
Bucket Wull,4
Lord Yronwood,4
Lord Roose,4
Quenton,4
Codd,4
Knight of Griffin,4
Fingers,4
Onion Knight,4
Myles Toyne,4
Lord Crow,4
Count,4
Bloody,4
Life,4
Wex,4
Belaquo,4
Erik Ironmaker,4
Gorys Edoryen,4
Sandor Clegane,4
Nose,4
Wind,4
Bear Island,4
Palace,4
Cleftjaw,4
Happy Port,4
Harle the Handsome,4
Obara Sand,4
Queensguard,4
Dryn,4
Draqaz,4
Goodheart,4
Dustins,4
Ser Jared,4
Talea,4
Seaworth,4
Harridan,4
Skagos,4
Dagon,4
Maester Harmune,4
Darkstar,4
Prince of Winterfell,4
Ashara,4
Off,4
Talon,4
Grand Maester,4
Meryn Trant,4
Lady Catelyn,4
Ralf Kenning,4
Corpsekiller,4
Summer Islander,4
Serry,4
Trant,4
Princess Shireen,4
Black Wind,4
Gorge,4
Summer Sea,4
Old Blood,4
Queen Margaery,4
Harle the Huntsman,4
Cerwyns,4
Arya Horseface,4
Rolfe the Dwarf,4
Norvos,4
Rommo,4
Mill,4
Howd Wanderer,4
Stinky Steward,4
Basilisk Isles,4
Blackfish,4
Queen of the Andals,4
Unburnt,4
Great Keep,4
Valyrians,4
Bite,4
Maester Kedry,4
Lord Ghael,4
Darkness,4
Bartimus,4
Jaehaerys,4
Princess Myrcella,4
Lhazarene,4
Jaime Lannister,4
Hands,4
Harma,4
Alys Karstark,4
Hunter,4
Smoking Sea,4
Commander Mormont,4
Hal,4
Great Walrus,4
Joramun,4
Truth,4
Gerion,4
Hugh Hungerford,4
Gulf,4
Caleotte,4
Lord Dustin,4
Farring,4
Harys,4
Baelor,4
Vaes Dothrak,4
Toyne,4
Rolly,4
Doniphos,4
Jack,4
Milkwater,4
Aly Mormont,4
Blackbird,4
Codds,4
Bronn,4
Harys Swyft,4
Kezmya,4
Blackfyre,4
Graces,4
Neck,4
Ten Towers,4
Tully,4
Admiral Groleo,4
Ronnet,4
Stone,4
Sixskins,4
Dagon Greyjoy,4
Barba,4
Brogg,4
Randyll,4
Ser Denys,4
Qaggaz,4
Morgan Liddle,4
Myrtle,4
Pointed,4
Marlon,4
Giant,4
Marghaz zo Loraq,4
Queenscrown,4
Duckfield,4
Fourteenth,4
Stripeback,4
Rhaego,4
Swyft,4
Old Empire,4
Beggar King,4
Jonos Bracken,4
Ear,4
Rags,4
Masters,4
Summer Islanders,4
Naath,4
Inn,4
Peake,4
Brandon Stark,4
Lord Jonos,3
Sybelle Glover,3
Rodrik,3
Cutthroat,3
Summer Isles,3
Rolly Duckfield,3
Rhaenys,3
Lionstar,3
Nestoris,3
Lady Maege,3
Short,3
Marya,3
Robert Strong,3
Bucket,3
Sable Hall,3
Richard,3
Prince of Dragonstone,3
Alf,3
Rills,3
Lord of Sweetsister,3
Merrel,3
Harghaz the Hero,3
Garin,3
Red Waste,3
Lord Wobblecheeks,3
Buckle,3
Luwin,3
Fulk the Flea,3
Wanderer,3
Catelyn Tully,3
Night Lamp,3
Jory,3
Uhlez,3
Jon Arryn,3
Rickard,3
Arya Underfoot,3
Weasel,3
Mossador,3
Serwyn,3
Wick,3
Motho,3
Lorren,3
Lord of the Seven Kingdoms,3
Stone Hedge,3
Dwarf,3
Smiling,3
Beasts,3
Anvil,3
Dagmer,3
Ilyn,3
Lord Balon,3
Nym,3
Herons,3
Left,3
Mollono Yos Dob,3
Stonedoor,3
Swann,3
Canals,3
Mazdhan,3
Benjen Stark,3
Lady Lemore,3
Trios,3
Edd Tollett,3
Lord Hornwood,3
Lord Bracken,3
Good Masters,3
Bay of Seals,3
Roggon,3
Lord Varys,3
Fourteen,3
Stick,3
Harma Dogshead,3
Dannel,3
Blower,3
Maidenpool,3
Lyanna,3
Narbert,3
Old Fishfoot,3
Prince Oberyn,3
Slave,3
Burned,3
Daemon Blackfyre,3
Kedry,3
Tytos Blackwood,3
Red Lamb,3
Jon Stark,3
Selhoru,3
Cregan Karstark,3
Maester Caleotte,3
Symond,3
Raff the Sweetling,3
Arry,3
Andalos,3
Little Pigeon,3
Steelshanks Walton,3
Alysane,3
Yherizan,3
Serra,3
Branch,3
Maester Luwin,3
Foxglove,3
Limper,3
Qohorik,3
Smith,3
Princess Rhaenys,3
Arys,3
Long Lake,3
Ghiscari Dawn,3
Cobblecat,3
Rylona Rhee,3
Second Son,3
Barbrey,3
Prince of Dorne,3
Belly,3
Lord Stark,3
Lady Hornwood,3
Lysa Arryn,3
Arys Oakheart,3
Maelys the Monstrous,3
Tall,3
Lord Blackwood,3
Lord Godric,3
Underfoot,3
Balerion,3
Cairns,3
Whale,3
Fishermonger,3
Ser Meryn,3
Ser Benethon,3
Samwell Tarly,3
Marq Mandrake,3
Wulls,3
Clanker,3
Weeping Water,3
Glovers,3
Fist,3
Flatlands,3
Camarron,3
Always,3
Paxter Redwyne,3
Septa Lemore,3
Black Walls,3
Morgo,3
Zahrina,3
Aegon Targaryen,3
Rhaegar Frey,3
Gerold Dayne,3
Tallharts,3
Tristifer Botley,3
Storm Crow,3
Hother Umber,3
Lord of the Hornwood,3
Unnatural History,3
Crossbow Ridge,3
Garth Greyfeather,3
Old Wyk,3
Tormund Thunderfist,3
Prince of Pentos,3
Artos Flint,3
Sunset Kingdoms,3
Great Wyk,3
Tristan Rivers,3
Aemon Targaryen,3
Lucas,3
Coles,3
Jarl,3
Grey Jeyne,3
Never,3
Ser Ronnet,3
Prince Frog,3
Ship,3
Kasporio the Cunning,3
Girl,3
Doreah,3
Fishfoot,3
Plaza,3
Orell,3
Lyanna Stark,3
The Seven,3
Loras Tyrell,3
Egg,3
Ser Gregor,2
Lady Korra,2
Crowfood Umber,2
Beric Dondarrion,2
Spear Tower,2
Dragon,2
Dagmer Cleftjaw,2
Silken Cloud,2
Weg Wun Dar Wun,2
Conningtons,2
Stars,2
Azzak,2
Badbrother,2
Nan,2
Toregg the Tall,2
Hoster Blackwood,2
Sword,2
Lord Slynt,2
Ynys,2
Clegane,2
Ser Dorden,2
Borrell,2
Ser Gerris,2
Fishfoot Yard,2
Middle Liddle,2
Aly,2
Deep Lake,2
Queensgate,2
Faces,2
Mogat,2
Vale of Arryn,2
Cock,2
Lazy Eel,2
Maester Medrick,2
Ser Duck,2
Raymun,2
Jax,2
Elza,2
Sparrowhawk,2
Eyed Maid,2
Marlon Manderly,2
Sealskinner,2
Sniff,2
Brendel Byrne,2
Barba Bracken,2
White Book,2
Jez,2
Euron Crow,2
Dawn Age,2
Cleon the Great,2
Old Mint,2
Prince Lewyn,2
Reynes,2
Sunset,2
Bonebreaker,2
Humfrey Clifton,2
Wife,2
Master of the Skahazadhan,2
Ar Noy,2
Syrax,2
Daeron the Good,2
King of Meereen,2
Walls,2
First Builder,2
Sunderland,2
Lady Cerwyn,2
Scion,2
Lorent,2
Skulls,2
Lord Too,2
Kettleblack,2
Rains,2
Ser Aenys,2
Curse,2
Willem Darry,2
Brave Magister,2
Wild,2
Bedwyck,2
Oberyn Martell,2
Lymond Pease,2
Galbart,2
Rhoynish,2
Canal,2
Rodrik Cassel,2
Orson,2
Flea,2
Alios,2
Red Oarsman,2
Fat Walda,2
Satin Palace,2
Mirri Maz Duur,2
Helicent,2
Woe,2
Willing Maiden,2
Noye,2
Iron Isles,2
Owen,2
Selyse Baratheon,2
Jade Compendium,2
Nagga,2
Elephant,2
Lord Hand,2
Ghozai,2
Hewett,2
Malegorn,2
Squab,2
Rhazdar,2
Maids,2
Chroyane,2
Danny Flint,2
Cotter,2
Honeytree,2
Harl,2
Rabbit,2
Reader,2
Feast,2
Red Ronnet,2
Acorn Water,2
Son,2
Gulltown,2
Margaery Tyrell,2
Arthur Dayne,2
Osney,2
Growler,2
Sistermen,2
Slate,2
Lewyn,2
Prince of Dragonflies,2
Sister,2
Consort,2
Forest,2
Noyne,2
Pyat Pree,2
Rhaegar Targaryen,2
Summerhall,2
Grazdan zo Galare,2
Littlesister,2
Belicho,2
Old Pomegranate,2
Yellow Whale,2
Lord Willam,2
Ghazeen,2
Boneway,2
Lord Plumm,2
Wash,2
Talker,2
Ser Gerold,2
Triarch Malaquo,2
Shadow,2
Velos,2
Gallows Gate,2
Arryn,2
Speech,2
Pink Graces,2
Lord Mormont,2
Tormund Horn,2
Lucifer Long,2
Rat Cook,2
Wisdom,2
Storm Dancer,2
Lord Randyll,2
Tatters,2
Octarch,2
Ny Sar,2
Shaggydog,2
Petyr Baelish,2
Pass,2
Kettleblacks,2
Lewis Lanster,2
Ser Loras,2
Burton Humble,2
Soren,2
Pate,2
Edmure,2
Rickard Stark,2
Long Night,2
Symeon,2
Gelmarr the Grim,2
Qavo Nogarys,2
Toed Harl,2
Dick Follard,2
Meha,2
Roggo,2
Obella,2
Dove,2
Ser Wendel,2
Blind Doss,2
Seal Rock,2
Green Fork,2
Ser Brynden,2
Torgon the Latecomer,2
Gates,2
Blind Bastard,2
Brea,2
Aegor Rivers,2
Lord Littlefinger,2
Lord Peasebury,2
Lamentation,2
Quazzar,2
Edrick Snowbeard,2
Rangers,2
Bay of Ice,2
Lady Val,2
Pureborn,2
Queen of Cities,2
Khal Jhaqo,2
Morna White Mask,2
Old Way,2
Dayne,2
Casterlys,2
Frozen Shore,2
Cunt,2
Left Hand Lew,2
Whispering Wood,2
Maester Munkun,2
Blackhaven,2
Bloodraven,2
Edric Storm,2
Bane,2
Harlot,2
Breakwater,2
Ricasso,2
Gynir Rednose,2
Visenya,2
Mermaid,2
Ser Lambert,2
Tom Tidewood,2
Thoros,2
Black Dread,2
Wood,2
Hother,2
Shieldbreaker,2
Stranger,2
Roose Ryswell,2
Brus,2
Aggar,2
Gavin the Trader,2
Jenny,2
King of the Andals,2
Frostfangs,2
True History,2
Blount,2
Fowler,2
Orson Stone,2
Wulfe,2
Dagon Codd,2
Arryns,2
Timett,2
Hosts,2
Lord Qyburn,2
Oldfather,2
Lord Tyrell,2
Wicked Sister,2
Love,2
High Hermitage,2
Alester Florent,2
Wylla Manderly,2
Slaver Cities,2
Sam Tarly,2
Little Rhoyne,2
Devyn Sealskinner,2
Meraxes,2
Sunset Sea,2
Ser Marlon,2
Maze,2
Franklyn,2
Lady Walda,2
Latecomer,2
Ser Theodan,2
Rosby,2
Pisswater Bend,2
Snowylocks,2
Gylo Rhegan,2
Varys the Spider,2
Tarth,2
Port,2
High Priest,2
Tal Toraq,2
Young Dragon,2
Quenton Greyjoy,2
Holdfast,2
Greenstone,2
Urho,2
Lady Asha,2
Urrax,2
Burned Tower,2
Norreys,2
Alliser,2
Horn Hill,2
Elyria,2
Fawn,2
Grey Wind,2
Kingswood,2
Daeron,2
Shagga,2
Lady of Barrowton,2
Wildlings,2
Conquest,2
Harvest Hall,2
Moat,2
Sweetsister,2
Lothston,2
Black Dragon,2
Whiteye,2
Styr,2
Osfryd,2
Monstrous,2
Boros,2
Drohe,2
Greyskin,2
Osmund Kettleblack,2
Hungry,2
Alfyn Crowkiller,2
Nail,2
Rodrik Ryswell,2
Steelshanks,2
Sloe,2
Ser Ronald,2
Brienne,2
Sybelle,2
Stalker,2
Domeric,2
First Keep,2
Many Faces,2
Xhoan Daxos,2
Missy,2
Torwynd,2
Drunken Conqueror,2
Zekko,2
Lord Fell,2
Dagon the Drunkard,2
Drunken Giant,2
Whittlestick,2
Walys Flowers,2
Hugh,2
Ralf Stonehouse,2
Queen Whore,2
Casso,2
Horns,2
Alannys,2
Maester Pylos,2
King Baelor,2
Big Liddle,2
Merryweather,2
Gardens,2
Cletus Yronwood,2
Redfort,2
Torrent,2
Tumco,2
Rain,2
Mud,2
Godric Borrell,2
Rickard Ryswell,2
Tagganaro,2
Ser Richard,2
Kegs,2
Redwyne,2
Baelish,2
Dorea,2
Renly,2
Naqqan,1
Steffar Stammerer,1
Cayn,1
Lady Brienne,1
Quentyn the Craven,1
Triston,1
Garth the Gross,1
Wyls,1
Butcher,1
Urho the Unwashed,1
Ralf,1
Gendel,1
Ser Harys,1
Reaper,1
Alysane Mormont,1
Last Hearth,1
Morgan,1
Black Maris,1
Rodrik Stark,1
Wobblecheeks,1
Ella,1
Ser Wylis,1
Waters,1
Hazzat,1
Harwood,1
Ashara Dayne,1
White Graces,1
Dick Cole,1
Prendahl,1
Arstan Whitebeard,1
Izembaro,1
Treasure,1
Lord Renly,1
Kems,1
Stanny,1
Princess Daena,1
Ser Boros,1
Small Paul,1
Prince Aemond,1
Rape,1
Ygon Oldfather,1
Pahls,1
Lady Glover,1
Merrett,1
Lord Whent,1
Bears,1
Blacktyde,1
The Book,1
Malanon,1
Luke,1
Bloodless Tom,1
Nissa Nissa,1
Ned Woods,1
Ghazdor,1
Tattered,1
Wendel Manderly,1
Battle Valley,1
Dolphin,1
Above the King,1
Greenhill,1
Rusty Flowers,1
Kingslander,1
Sunrise Gate,1
Saathos Saan,1
Florents,1
Lann the Clever,1
Deep,1
Fair Velos,1
Brandon Norrey,1
Pea Pod,1
Holts,1
Salty Wench,1
Great Bastards,1
Blackbuckle,1
Beron,1
Ryon Allyrion,1
Fat Tom,1
Uhoris,1
Glendon Hewett,1
Castle Stair,1
Wyverns,1
Beastmaster,1
Stoneheart,1
King Maegor,1
Kyleg,1
Dornishwoman,1
Maz Duur,1
Ghezn,1
Lady Barbrey,1
Outcast Inn,1
Myrmen,1
First Rangers,1
Salladhor the Splendid,1
Fountain,1
Varamyr Threeskins,1
Willas,1
Simon Toyne,1
Sealords,1
Hightower,1
Melara Hetherspoon,1
Oldforge,1
Admiral,1
Donnel Hill,1
Pretty Maris,1
Lord Merryweather,1
Jinglebell,1
Cobb,1
Merry,1
Ordello,1
Lord Ryswell,1
King of Westeros,1
Gerrold Redback,1
Lancel Lannister,1
Seat,1
Lord of the Three Sisters,1
Lord of Raventree,1
Harsley,1
Symon,1
Oberyns,1
Spicers,1
Raventree Hall,1
Fourteen Flames,1
Jogos Nhai,1
Kraken,1
Seal,1
Arm,1
Fair Maids,1
Black Shepherd,1
Valysar,1
Jade Gates,1
Prince Duncan,1
Raymund,1
Hound,1
Arthor,1
Caswell,1
Wyrms,1
Artos the Implacable,1
Ash,1
Shrike,1
Aegons,1
King Jaehaerys,1
Lynesse,1
Rossart,1
Maester Theomore,1
Brynden Tully,1
Jaremy Rykker,1
Longtable,1
Thunderfist,1
Warhammer,1
Maester Walys,1
Whitebeard,1
Sailor,1
Lomas Longstrider,1
Joso,1
Giantsbutt,1
Knight of Lemonwood,1
Daryn,1
Keeper,1
Harwin,1
Shiera Seastar,1
Ghazdan,1
Daeron the Second,1
Ser Corliss,1
Quentyn the Quail,1
Zakh,1
Perfumed Hero,1
Theon Stark,1
Happy,1
Finger,1
Heroes,1
Black Bargeman,1
Axe,1
Lord of Casterly Rock,1
Came Too Late,1
Aerion Targaryen,1
Cunning,1
Mors Crowfood,1
Red Bull,1
Lhazarene the Lamb,1
Towers,1
Wonders Made,1
Cider Hall,1
Princess Elia,1
Slayer,1
Garse,1
Ravishment,1
Darkling,1
Daryn Hornwood,1
Rimegate,1
Great Council,1
Godry Giantslayer,1
Alynne,1
King of Andals,1
Ithoke,1
Headless Jeyne,1
Dragonpit,1
Baelor the Beloved,1
Master of Breakwater Castle,1
Jack Musgood,1
Kennet,1
Monster,1
Prestayn,1
Witch,1
Tickler,1
Stinky,1
Priest,1
Lady Lannister,1
Painted Turtle,1
Golden Pit,1
Lonely Hills,1
Wenda the White Fawn,1
Lord Stout,1
Butts,1
Beron Stark,1
Sword Tower,1
Lord Darklyn,1
Bearded Ben,1
Young Usurper,1
Lyanna Mormont,1
Lady Jenny,1
Peakes,1
Knight of Flowers,1
Viserys Targaryen,1
Fossoways,1
Upper Rhoyne,1
Lord of Oakenshield,1
Runnymudd,1
Purple Lotus,1
Tybero,1
Maegor the Cruel,1
Ronnet Connington,1
Shipbreaker Bay,1
First Flints,1
Taena,1
Halfhand,1
Lord of Harrenhal,1
Onion Lord,1
Brendel,1
Redwynes,1
Aerys Targaryen,1
Grey Gull,1
Lhorulu,1
Lollys Stokeworth,1
Hugor Halfmaester,1
Lord Baelor,1
Lord Tarly,1
Dream,1
Oledo,1
Locke,1
King Harzoo,1
Conwy,1
The Life,1
Qhoran,1
Spears,1
Astapors,1
Ormund Wylde,1
Sailmender,1
Osmund,1
Lord Tycho,1
Threeskins,1
Briar,1
Titan,1
Riverman,1
Harry Merrell,1
Tristifer,1
Loyal Spear,1
Lord Rodrik,1
Stone Garden,1
Walda Frey,1
Burrow,1
Aeron Damphair,1
Patternmaker,1
Ser Kennos,1
Old Falcon,1
Triarch Horonno,1
Mudd,1
Giants,1
Lord of Griffin,1
Daeron the Dragon,1
Kingslanders,1
Lady Arryn,1
Greengood,1
Prince Viserys,1
Gate of the Gods,1
Oswald,1
Belly Ben,1
Ullhor,1
Lord of Pyke,1
Wandering Wolf,1
Ser Bezoar,1
Oaf,1
Ser Perkin,1
Greystarks,1
Tormo Fregar,1
Rahkaro,1
Loreza,1
Hamish the Harper,1
Theon Kinslayer,1
Golden Fields,1
Field,1
Morna,1
Fires,1
Banded Lizard,1
Rook,1
Norvoshi,1
Sandal,1
Blessed Baelor,1
Hazrak the Handsome,1
Jhoqo,1
Nute the Barber,1
Stones,1
Hagen the Horn,1
Dhazzar,1
Mag the Mighty,1
Lorath,1
Dondarrion,1
King of the North,1
Joanna,1
Willow Witch,1
Peat,1
Sara,1
Forlorn Hope,1
Old Ghiscari,1
Mallister,1
Basilisks Isles,1
Hullen,1
Ancient,1
Pisswater,1
Maelys,1
Devan Seaworth,1
Smashed,1
Daxos,1
Rodrik the Reader,1
Stallion,1
Artos Stark,1
Roro,1
Musgood,1
Last River,1
Fever River,1
King of Ruddy Hall,1
Hearts,1
Lord Norrey,1
Red Tide,1
Walders,1
Black Bessa,1
Wyk,1
Lady of the Waves,1
Rahloo,1
Griffin Seat,1
Chains,1
Lord Marshal,1
Humbles,1
Helman Tallhart,1
Mountains,1
Ghazdor the Great,1
Bronze Yohn Royce,1
Eraz,1
Lotus,1
Septon Barth,1
Barristan the Old,1
Lord Redfort,1
Jarmen Buckwell,1
Humble,1
Kingswood Brotherhood,1
Nakloz,1
Florian,1
Sparr,1
Goddess,1
Stricklands,1
Meadowlarks,1
Henly Lord Slate,1
Melantine,1
Great Barrow,1
Aegon the Dragon,1
Hugor Halfwit,1
King Robb,1
Sam the Scared,1
Lord Lamprey,1
Bloom,1
Unwashed,1
Duran,1
Kingsroad Gate,1
Viserys Plumm,1
Ancient Name,1
White Widow,1
Alison,1
Pree,1
Prince of Sorrows,1
Harghaz,1
Hairy Butt Crack,1
Leona,1
Laughing,1
Coals,1
Taena Merryweather,1
Fossoway,1
Ravenfeeder,1
Lash,1
Fulk,1
Ryman Frey,1
Bronze,1
Arthor Karstark,1
Lord Fowler,1
Rainwood,1
Walton,1
Lord Borrell,1
Lord Redwyne,1
Marq Grafton,1
Greenguard,1
Maiden Fair,1
Ninepenny,1
Methyso,1
Narraqqa,1
Bloody Bridge,1
Haereg,1
Fregar,1
Lord Jon,1
Ser Alliser,1
Nursey,1
Aegon the Fourth,1
Quentyn the Wise,1
Cerywn,1
Bright Prince,1
Lacey,1
Knight of the Order of the Green Hand,1
Melissa,1
Tremond Gargalen,1
Terrence Toyne,1
Marches,1
Torrhen Stark,1
Ronald Storm,1
Ghaznak,1
Dolf,1
Droopeye Dale,1
Sallor the Bald,1
Maege Mormont,1
Chelsted,1
Garrett Greenspear,1
Lady of the Eyrie,1
Pattern,1
Sheepshead Hills,1
Kraznys mo Nakloz,1
Blackfyre Pretenders,1
Toraq,1
Selloso,1
Bryen Farring,1
Ser Pounce,1
Maester Myles,1
Strongs,1
Saduleon,1
Lewyn Martell,1
Fields,1
Lord Chester,1
Jezhene,1
Rhodry Lord Cerwyn,1
Triston Sunderland,1
Beat,1
Lord Dagon,1
Splendid,1
Bean,1
Boggs,1
Dorne Quentyn Martell,1
Kinslayer,1
Lord Lefford,1
Big Bucket,1
Seven Lamps,1
Stair,1
Bold Voyager,1
Maron,1
Weeping Lady,1
Vulture King,1
Lord Lannister,1
Mead,1
Commander of the Night,1
Lady Imp,1
Grazdan mo Eraz,1
Kedge Whiteye,1
Bear Mormont,1
Black Knife,1
Knelt,1
Ser Ormond,1
Rickard Karstark,1
Iron Shields,1
Salladhor the Beggar,1
Sunderlands,1
Old Palace,1
Urragon Goodbrother,1
Lord Hewett,1
Osgood Arryn,1
The Dance,1
Lord Dondarrion,1
Foghouse,1
Jhaqo,1
Triarch,1
Century,1
Snakes,1
Castamere,1
Whent,1
Great Norvos,1
Skane,1
Pease,1
Dragonbreaker,1
Artos,1
Lady of Spears,1
Hole,1
Lockes,1
Lysono,1
El,1
Qarl the Thrall,1
Lord Tyrion,1
Harmond Umber,1
Loptail,1
Stouts,1
Shivering Sea,1
Lady Lyanna,1
Blackwater Rush,1
Ashwoods,1
Made,1
Kingsblood,1
Laswell Peake,1
Wynafryd,1
Queen Regent,1
Ghogor,1
Lord of Harmony,1
Lord of Dragonstone,1
Tom,1
Brandon the Shipwright,1
Zharaq the Liberator,1
Ib,1
Woodhedge,1
Prince Trystane,1
Aemon the Dragonknight,1
Great Pit,1
Forrester,1
Rhee,1
Sam the Slayer,1
Smiler,1
Black Gerrold,1
Ended,1
Bitterbridge,1
Pig,1
Salladhor the Smashed,1
Fear,1
Benjicot Branch,1
Yunkish Supreme Commander,1
King Daeron,1
Sleepiness,1
Hizdak,1
Tattersalt,1
Yos Dob,1
Manfryd Merlyn,1
Cult,1
Umbers the Children,1
Lorgen,1
Tal Taraq,1
Thrall,1
Stony Shore,1
Brandon the Builder,1
Maude,1
Tum,1
Hizdahr Loraq,1
Gwyneth Yronwood,1
Handsome,1
Malo,1
Tytos Lannister,1
Gwynesse,1
Radiance King Hizdahr,1
Old King,1
Basilisks,1
Iron Lady,1
Wonders,1
Byron,1
Stormcrow,1
Pretty Bacon,1
Sept of the Snows,1
Spring,1
Byron Swann,1
Horonno,1
Khal Pono,1
The Harpy,1
Tygett,1
Moon Boy,1
Auntie,1
Quentyn the Cautious,1
Sour,1
Lord of Karhold,1
Ser Arys,1
Lord of the Iron Islands,1
Lho,1
Bountiful Harvest,1
Mullin,1
Qarl Quickaxe,1
Thousand Thrones,1
Lands of the Long Summer,1
Hag,1
Tyene Sand,1
Theon the Clever,1
Tower of the Hand,1
Ruddy Hall,1
Mud Gate,1
Tybero Istarion,1
Queen of Slaver,1
Baqq,1
Womb,1
Theodan the True,1
Wylde,1
Khal Zekko,1
Blue Bard,1
Gerion Lannister,1
Lord Lard,1
Wroth,1
Nute,1
Fell,1
Red Jeyne,1
Shade,1
Warren,1
Longsister,1
Queen Dowager,1
Evenstar,1
Lord Morrigen,1
Velosi,1
King of Seals,1
Manly Stokeworth,1
Hoarfrost Umber,1
Tall Trees,1
Balerion the Black Dread,1
Black Canal,1
Prayer,1
Shark,1
Bacon,1
Jaehaerys the Wise,1
Jokin,1
Edrick Stark,1
Midwife,1
True Telling,1
Mightiness,1
Corliss,1
Barrow,1
Liddles,1
Westerosi Storm King,1
Daemon,1
Torgon Greyiron,1
Farlen,1
Tullys,1
Daemon Sand,1
Flint Barracks,1
Lord Seaworth,1
Sothoyros,1
Stormborn,1
Blackfyre Rebellions,1
Basilisk Islands,1
Girl General,1
Iron Wing,1
Ramsgate,1
Dwells Beneath the Waves,1
Septon Celladar,1
Syrio Forel,1
Claypool,1
Mazdhan the Magnificent,1
Crown,1
Lord of the Skies,1
Lord Karstark,1
Colloquo Votar,1
Sansa Stark,1
Eroehs,1
Harmune,1
Egon Emeros the Exquisite,1
Lady Taena,1
Armond Connington,1
Malo Jayn,1
Korra the Cruel,1
Ser Willem,1
Unworthy,1
Other Kingsguard,1
Quellon,1
Medrick,1
Brus Buckler,1
Jace,1
Ironmaker,1
Parquello,1
Lanster,1
Rhodry,1
Jack Crabb,1
Illyrios,1
Hornfoots,1
Bride,1
Myrio Myrakis,1
Goodwife Bumpkin,1
Fourth,1
Greenshield,1
Fearless Ithoke,1
Dagger Lake the Qhoyne,1
Laughing Lion,1
Kasporio the Cunt,1
Benjen,1
Quail,1
Hos,1
Prince of Stink,1
Kaspo,1
Lord Caswell,1
Lady of Winterfell,1
Galendro,1
Speaker,1
Jaqen,1
Loree,1
City Watch,1
Defender,1
Ronald,1
Telling,1
Hundred Battles,1
Daera,1
Red Raven,1
Ragged Standard,1
Great Shepherd,1
Quagg,1
Motte,1
Yi Ti,1
Seven Skulls,1
Baelor the Befuddled,1
Blackwood Vale,1
Charioteer,1
Ormund,1
Tormund Giantsbabe,1
Aegon the Unlikely,1
Bleed,1
Munkun,1
Garden,1
Ilyn Payne,1
Oswell Whent,1
Daena,1
Steffon,1
Plumms,1
Lord Seneschal,1
Ser Lancel,1
Pureborn Princess,1
Lord Varamyr,1
Lord Sweet,1
Hazdar,1
Sea Dragon,1
Majesty,1
Onion,1
Walders Big,1
Cray,1
Lord Bowen,1
Hoarfrost Hill,1
Mag,1
Longs,1
Quaro,1
Dhazak,1
Triarch Nyessos,1
Ragged,1
Redwyne Straits,1
Black Flame,1
Jaehaerys the Conciliator,1
Land of Always,1
Benevolence,1
Hall of Lamps,1
Kingdoms,1
Cetherys,1
Myrcella Baratheon,1
Greyiron,1
Rutting Meadow,1
Wyldes,1
Hornwoods,1
Cleon the Second,1
Borrells,1
Mopatis,1
Ser Glendon,1
Merling Queen,1
Kennos,1
Qarl Shepherd,1
Brynden Blackfish,1
Teeth,1
Southshield,1
Walys,1
Queen Rhaella,1
Wells,1
Desmond,1
Lord of Godsgrace,1
Lady Jordayne,1
Bhakaz,1
Slates,1
Snowy Sept,1
Fingerdancer,1
Lady of Ghost Hill,1
Humfrey,1
Leviathan,1
Horseface,1
Second Daughters,1
Iron Gate,1
Alfyn,1
Runceford Redwyne,1
Lord Daario,1
King of the Giants,1
Bhorash,1
Humzum,1
River Gate,1
Torr,1
Eric Ironmaker,1
Amory Lorch,1
White Swords,1
Muddy Hall,1
Ser Franklyn,1
Nest,1
Golden,1
Moonmaid,1
Thomax,1
Ronald Connington,1
Sixth,1
Needle,1
Salty,1
Greyshield,1
Vanity,1
Maester Uthor,1
Ser Osney,1
The Death,1
Qarl Kenning,1
Blackhair,1
Harzoo,1
Dragonbinder,1
Bole,1
General,1
Bokkoko,1
Blind Beth,1
Euron Greyjoy,1
Halfwit,1
Seventh Son,1
Votar,1
Beron Blacktyde,1
Munken,1
Ser Lucifer,1
Dorna,1
Catelyn,1
Husband,1
Greyfeather,1
First King,1
Lord of the Arbor,1
Grisella,1
Mounts the World,1
Tormund Giantstink,1
Azzak Ghazeen,1
Lances,1
Jocelyn,1
Moon,1
Pudding Face,1
Warrior Wench,1
Pretty Penny,1
The Fires,1
Godsgrace,1
Gardener,1
Roggon Rustbeard,1
Grey Cliffs,1
Scream,1
Morrigen,1
Lady Red,1
First Servant,1
Raymund Redbeard,1
Old Brusco,1
Lord Yellowbelly,1
Roger,1
Ice Eyes,1
Yard,1
Aquan the Red Bull,1
Martells,1
Ser Orson,1
Donal,1
Holy Faith,1
Ullers,1
Hagnag,1
Black Fist,1
Harvest,1
Semosh,1
Blackfyre Rebellion,1
Mudgrave,1
Longthorpe,1
Hungry Wolf,1
Master Hizdahr,1
Maisie,1
Lady Tarbeck,1
Hoster Tully,1
Dagos Manwoody,1
Plenty,1
Iron Kiss,1
Longspear Ryk,1
Tormund Giantsbutt,1
Edoryen,1
Rhaenyra,1
Scales,1
Donnel Flint,1
Blackmyre,1
Hand Lucas Codd,1
Redgrass Field,1
Andal,1
Eladon Goldenhair,1
Black Bastard,1
Khyzai,1
Harlon Stark,1
Adrack Humble,1
Dunsen,1
Blackfyres,1
Protector,1
Rat,0
Starry,0
Falcon,0
Pretenders,0
Edric,0
Exquisite,0
Denys,0
Manly,0
Barracks,0
Chester,0
Saathos,0
Pyat,0
Vulture,0
Kite,0
Rusty,0
Eyed,0
Therys,0
Bumpkin,0
Fearless,0
Vaes,0
Sable,0
Helman,0
Lysa,0
Turtle,0
Goodbrother,0
Payne,0
Liberator,0
Bottom,0
Lomas,0
Fork,0
Standard,0
Petyr,0
Amory,0
Beast,0
Gavin,0
Oakheart,0
Gorys,0
Ghrazz,0
Whispering,0
Muddy,0
Eladon,0
Edrick,0
Seastone,0
Walrus,0
Beloved,0
Garrett,0
New,0
Thousand,0
Voyager,0
Oldstones,0
Hazrak,0
Pomegranate,0
Lonely,0
Tormo,0
Pyramid,0
Battles,0
Crowkiller,0
Willam,0
Aegor,0
Beric,0
Meadow,0
Meryn,0
Devyn,0
Gross,0
Marshal,0
Rykker,0
Ridge,0
Punishment,0
Raven,0
Perfumed,0
Theodan,0
Trader,0
Quickaxe,0
Duncan,0
Crack,0
Mirri,0
Arthur,0
Morning,0
Yohn,0
Crabb,0
Taraq,0
Noy,0
Xhoan,0
Council,0
Way,0
Gallows,0
Befuddled,0
Ryk,0
Longaxe,0
Wooden,0
Dale,0
Headless,0
Danny,0
Yellowbelly,0
Jaremy,0
Cole,0
Frozen,0
Lambert,0
Weg,0
Cook,0
Giantstink,0
Rosewood,0
Seastar,0
Darry,0
Sheepshead,0
Banded,0
Order,0
Lorch,0
Rebellions,0
Loras,0
Crossbow,0
Sar,0
Nogarys,0
Azor,0
Silent,0
Benethon,0
Shepherd,0
Emeros,0
Wing,0
Bargeman,0
Throne,0
Simon,0
Lion,0
Henly,0
Kingsroad,0
Dread,0
Aerion,0
Dolorous,0
Dragonknight,0
Herrock,0
Holiness,0
Days,0
Basilisk,0
Disputed,0
Gerold,0
Trees,0
Areo,0
Acorn,0
Buckler,0
Lucifer,0
Kedge,0
Qhorin,0
Stoney,0
Gatehouse,0
Stalwart,0
Sparrow,0
Stink,0
Lizard,0
Dispossessed,0
Pudding,0
Greenspear,0
Dagos,0
Bull,0
Hellholt,0
Seals,0
Celladar,0
Willing,0
Jogos,0
Chair,0
Bessa,0
Loyal,0
Viper,0
Oswell,0
Grass,0
Pounce,0
Osgood,0
Bastards,0
Hearth,0
Islanders,0
Fiery,0
Maege,0
Ygon,0
Aemond,0
Pink,0
Magnificent,0
Lamp,0
Droopeye,0
Jordayne,0
West,0
Bloodless,0
Tide,0
Fellows,0
Forlorn,0
Brotherhood,0
History,0
Waste,0
Ormond,0
Cider,0
Butt,0
Lann,0
Nissa,0
Silken,0
Korra,0
Tristan,0
Rhegan,0
Willem,0
Maris,0
Eric,0
Longspear,0
Lard,0
Hetherspoon,0
Benjicot,0
Late,0
Perkin,0
Follard,0
Ghoyan,0
Rhaella,0
Redback,0
Wandering,0
Colloquo,0
Hoarfrost,0
Bezoar,0
Purification,0
Terrence,0
Tarbeck,0
Drunken,0
Tal,0
Battlements,0
Rylona,0
Bryen,0
Nhai,0
Lazy,0
Merrell,0
Armond,0
Alester,0
Glendon,0
Brazen,0
Darklyn,0
Pylos,0
Paxter,0
Bill,0
Paul,0
Ar,0
Gargalen,0
Doss,0
Harper,0
Ibben,0
Waves,0
Servant,0
Hairy,0
Mint,0
Smoking,0
Maar,0
Holy,0
Pea,0
Barleycorn,0
Shackles,0
Fleet,0
Bountiful,0
Ryman,0
Mace,0
Melara,0
Volon,0
Tidewood,0
Bend,0
Galazza,0
Gelmarr,0
Dwells,0
Stokeworth,0
Hope,0
Barber,0
Harle,0
Lu,0
Unlikely,0
Dragonflies,0
Uthor,0
Shivering,0
Islander,0
Lemonwood,0
Ny,0
Hamish,0
Lew,0
Selaesori,0
Byrne,0
Bald,0
Monkeys,0
Howd,0
Rolfe,0
Stammerer,0
Manwoody,0
Mounts,0
Pod,0
Outcast,0
Istarion,0
Urragon,0
Gylo,0
Dagger,0
Bank,0
Conciliator,0
Harlon,0
Face,0
Fever,0
Wicked,0
Gwyneth,0
Ti,0
Redgrass,0
Ryon,0
Sandor,0
Dancer,0
Cliffs,0
Bard,0
Marq,0
Aquan,0
Compendium,0
Shipbreaker,0
Tremond,0
Zharaq,0
Flame,0
Daughters,0
Rutting,0
Laswell,0
Mask,0
Gull,0
Yi,0
Buckwell,0
Lollys,0
Wenda,0
Stonehouse,0
Thrones,0
Sorrow,0
Cassel,0
Fair,0
Sweetling,0
Dar,0
Arstan,0
Spear,0
Kraznys,0
Longwater,0
Spotted,0
Royce,0
Mighty,0
Redpool,0
Robett,0
Dorden,0
Rush,0
Gynir,0
Seneschal,0
Snowy,0
Snows,0
Lewis,0
Yos,0
Rednose,0
Bright,0
Harmond,0
Manfryd,0
Syrio,0
Harmony,0
Jade,0
Toed,0
Upper,0
Stony,0
Mollono,0
Merling,0
Hundred,0
Fate,0
Dogshead,0
Huntsman,0
Salladhor,0
Middle,0
Purple,0
Giantsbabe,0
Dob,0
Allyrion,0
Goldenhair,0
Lamps,0
Bulwer,0
Adrack,0
Wrath,0
Empire,0
Maz,0
Gelenei,0
Shrouded,0
Skies,0
Merlyn,0
Conqueror,0
Burton,0
Myrakis,0
Cloud,0
Sallor,0
Egon,0
Snowbeard,0
Ruddy,0
Hedge,0
Jarmen,0
Painted,0
Flames,0
Implacable,0
Dothrak,0
Sunrise,0
Came,0
Lymond,0
Seventh,0
Jayn,0
Supreme,0
Steffar,0
Lefford,0
Clifton,0
Pigeon,0
Ahai,0
Mirror,0
Knife,0
Realm,0
Narrow,0
Cape,0
Bearded,0
Bone,0
Grafton,0
Cedars,0
Book,0
Jeor Mormont,0
Forel,0
Casterly,0
Duur,0
Dowager,0
Valley,0
Runceford,0
Hermitage,0
Grim,0
Rustbeard,0
Raff,0
Longtown,0
Samwell,0
World,0
Myrio,0
Lamprey,0
Oarsman,0
Donnel,0
Shiera,0
Unnatural,0
Victory,0
Qhoyne,0

2878
