Jaime,560
Cersei,469
No,404
Brienne,401
Sam,350
Tommen,191
Victarion,149
Robert,144
Alayne,138
Margaery,125
Arya,123
Arianne,122
Landing,109
Do,106
Gilly,101
Sansa,100
Asha,99
Oldtown,93
Petyr,90
Aeron,87
Podrick,85
Qyburn,83
Eye,81
Pate,78
Tyrion,77
Riverrun,77
Euron,76
Lord Tywin,75
Crow,75
Balon,74
Myrcella,74
Lancel,71
High Septon,69
Dorne,69
Cat,68
Wall,66
Dareon,64
Hand,63
Kingsguard,61
Lannister,59
Braavos,59
Taena,58
Ser Hyle,57
Pycelle,57
Ser Loras,57
Maester Aemon,56
Stannis,56
Hound,55
Jon,54
Citadel,53
Maidenpool,52
Tyrell,52
Joffrey,51
Highgarden,50
Imp,48
Westeros,47
Nimble Dick,46
Duskendale,45
Edmure,44
Frey,44
Hotah,43
Dornish,43
Harrenhal,43
Mya,42
Drowned,42
Damphair,42
Myrish,42
Iron Throne,42
Eyrie,42
Are,41
Blackfish,41
Garin,40
Lord Nestor,40
Aemon,40
Dog,40
Stark,39
Braavosi,39
Darry,39
Saltpans,39
Ser Arys,39
Watch,38
Ser Ilyn,38
Seven Kingdoms,38
Alleras,37
Winterfell,37
Lord Robert,37
Trident,37
Renly,37
Tywin,36
Freys,36
Tarly,35
Dragonstone,35
Night,35
Sunspear,35
Most,35
Crabb,34
Seastone Chair,34
Arbor,34
Osney,34
Septon Meribald,34
Ser Osmund,34
Warrior,34
Merryweather,34
Lady Lysa,33
Tully,33
Meribald,32
Littlefinger,32
Lord Gyles,31
Kevan,31
Loras,30
Titan,30
Mace Tyrell,30
Xhondo,30
Others,29
Prince Doran,29
Twins,28
Faith,28
Sansa Stark,28
Brusco,28
Lady Merryweather,27
Grand Maester Pycelle,27
Tyene,27
Ser Creighton,27
Dick,27
Drey,26
Kettleblack,26
Leo,26
Lord Commander,26
Falyse,25
Quentyn,25
Mollander,25
Sweetrobin,25
Strongboar,25
Pyke,24
Elder,24
Oathkeeper,24
High Holiness,24
Pia,24
Ser Kevan,24
Shagwell,24
Mountain,23
Obara,23
Ser Jaime,23
Casterly Rock,23
Lady Catelyn,23
Kingslayer,23
Rosby,23
Aerys,23
Redwyne,23
End,22
Slayer,22
Knight of Flowers,22
Nagga,22
Snow,22
Petyr Baelish,22
Maddy,22
Cinnamon Wind,22
Red Keep,22
Old Wyk,22
Osmund Kettleblack,22
Lord Protector,22
Waters,21
Lysa,21
Aegon,21
Ser Ryman,21
Aurane Waters,21
Peck,21
Dorcas,21
Harlaw,21
Jaime Lannister,21
Lord Stannis,21
Edwyn,21
Above,20
Areo Hotah,20
Rhaegar,20
Darkstar,20
Lannisters,20
Ser Brynden,20
Moon Boy,20
Baelor,20
Varys,20
Reach,20
Valyrian,20
Payne,19
Joff,19
Declarant,19
Sandor Clegane,19
Gyles,19
Margaery Tyrell,19
King Tommen,19
Timeon,19
Melara,19
Jeyne,19
Blackwater,19
Ser Gregor,18
Clegane,18
Tongue,18
Aeron Damphair,18
Brune,18
Marillion,18
Jon Snow,18
Willow,18
Lannisport,18
Lady Genna,18
Bronze Yohn,18
Blue Bard,18
Tywin Lannister,18
Maester Colemon,18
Nuncle,18
Bronn,18
Rosey,18
Greyjoy,18
Tarth,18
Myr,17
Denyo,17
Lord Renly,17
Silence,17
Gretchel,17
Arys,17
Craster,17
Tyrells,17
Lord Petyr,17
Water Gardens,17
Armen,17
Daven,17
Needle,17
Ser Osney,17
Hyle Hunt,17
Ser Harys,16
Valyria,16
Prince Rhaegar,16
Lord Emmon,16
Many-Faced,16
Reader,16
Maiden,16
Lady Waynwood,16
Lord Randyll,16
Stranger,16
Lord Qyburn,16
Lord Tyrell,16
Lys,16
Gendry,16
Ser Daven,15
Sworn,15
Sphinx,15
Jon Arryn,15
Lord Tarly,15
Osmund,15
Lord Rodrik,15
Crone,15
Cedra,15
Arryn,15
Tyrosh,15
Biter,15
Many,15
Lord Beric,15
Waynwood,15
Royce,15
Horn Hill,15
Lord Walder,15
Megga,15
Lady Sansa,14
Myranda,14
Piper,14
Sand Snakes,14
Ser Lothor,14
Wat,14
Martell,14
Dondarrion,14
Narbert,14
Gulltown,14
Lady Margaery,14
Ser Meryn,14
Mander,14
Tyroshi,14
Greenblood,14
Roone,14
Alla,14
Mya Stone,13
Ser Balman,13
Stannis Baratheon,13
Iron Fleet,13
Ser Illifer,13
Nute the Barber,13
Lady Amerei,13
Corbray,13
Smith,13
Nymeria,13
Grey King,13
Podrick Payne,13
Stokeworth,13
Barber,13
Whispers,13
Lyn Corbray,13
Ser Shadrich,13
Pyg,13
Senelle,13
Blackbird,13
Moat Cailin,13
Ned Stark,13
Stinking Goose,13
Jocelyn,13
Hunt,13
Baelish,13
Doran Martell,12
Rodrik,12
White Harbor,12
Yohn,12
Robb,12
Happy Port,12
Spotted Sylva,12
Ser Dontos,12
Randyll Tarly,12
Lord Waters,12
Hotho,12
Brea,12
Maid,12
Tower of the Hand,12
Nute,12
Edmure Tully,12
Ten Towers,12
Stone,12
Salty,12
Yorko,12
Orton Merryweather,12
Loras Tyrell,12
Goodbrother,11
Stepstones,11
Maegor,11
Lord Merryweather,11
Young Wolf,11
Targaryen,11
Nym,11
Red Oarsman,11
Sky,11
Belmore,11
Dornishman,11
King Robert,11
Dornishmen,11
Doran,11
Tris,11
Justice,11
Umma,11
Pyp,11
Him,11
Urri,11
Walgrave,11
Lord Captain,11
Elia,10
Crackclaw Point,10
Oberyn,10
Ser Boros,10
Runestone,10
Theon,10
Addam Marbrand,10
Seven-Pointed Star,10
Ragman,10
Ser Osfryd,10
Kojja Mo,10
Skagos,10
Castle Black,10
Prince Oberyn,10
Lord Snow,10
Moon Door,10
Drumm,10
Lord Redwyne,10
Marwyn,10
Kettleblacks,10
Be,10
Balman,10
Lanna,10
Elinor,10
Gates,10
Dalla,10
Jaqen,10
Maggy,10
Osfryd,10
Lady Olenna,10
Vargo Hoat,10
Ship,10
Lady Mariya,10
Walder Rivers,10
Mord,10
Tumblestone,9
Free Cities,9
Brave Companions,9
King Renly,9
Botley,9
Quill,9
War,9
Ser Bonifer,9
Goat,9
Ilyn,9
High Sparrow,9
Great Sept,9
Talea,9
Maid of Tarth,9
Ser Lyn,9
Red Wedding,9
Ser Tallad,9
Norvos,9
Bran,9
Longwaters,9
Gregor Clegane,9
Ser Harys Swyft,9
Mace,9
Princess Myrcella,9
Most Devout,9
Honeywine,9
Samwell Tarly,9
Other,9
Gorold Goodbrother,9
Lollys,9
Grenn,9
Lady Nym,9
Queen of Thorns,9
Red Fork,9
Shitmouth,9
Swyft,9
Redfort,9
Connington,9
Lady Brienne,8
Ser Addam Marbrand,8
Eddard Stark,8
Beric Dondarrion,8
Osney Kettleblack,8
Emm,8
Baelor the Blessed,8
Orton,8
Ser Boros Blount,8
Iron Islands,8
Lord Yronwood,8
Sailor,8
Archmaester Walgrave,8
Rugen,8
Robert Baratheon,8
Wife,8
Garth,8
Red Viper,8
Eastwatch,8
Warden of the West,8
Nestor,8
Queen Cersei,8
Aeron Greyjoy,8
Iron Victory,8
Maester Caleotte,8
Black Wind,8
Mooton,8
Timoth,8
Queen Margaery,8
Marbrand,8
Hoat,8
Honor,8
Lord Belmore,8
Arys Oakheart,8
Balon Greyjoy,8
Ralf the Limper,8
Him of Many Faces,8
Gregor,8
Tankard,8
Emmon Frey,8
Maester Pycelle,8
Thoros,8
Caleotte,8
Day,8
Seneschal,8
Tower of the Sun,8
Baratheon,8
Terro,8
Great Wyk,8
Merlyn,8
King Aerys,8
Hyle,8
Bloody Mummers,8
Golden Company,8
Maggy the Frog,8
Catelyn Stark,8
Ser Meryn Trant,8
Ser Dermot,8
Tears,8
Hollard,7
Seven Swords,7
Blacktyde,7
Great Sept of Baelor,7
Garlan,7
Stoneheart,7
Winged Knight,7
Death,7
Willas,7
Hightower,7
Rorge,7
Hill,7
Quiet Isle,7
Vance,7
White Book,7
Euron Crow,7
Left-Hand Lucas Codd,7
Volantis,7
Gods,7
Ser Balon,7
Ser Goodwin,7
Blessed Baelor,7
Islanders,7
Mad King,7
Serry,7
Lady Falyse,7
Qarth,7
Ser Gerold,7
Yronwood,7
Old Nan,7
Raynard,7
Lord Hewett,7
Templeton,7
Lord Denys,7
Ryman,7
Mage,7
Me,7
Stony Shore,7
Old Way,7
Hunter,7
Ricasso,7
Harry,7
Sandor,7
Lady Tanda,7
Blount,7
Fowler,7
Maidenvault,7
Harys Swyft,7
Edwyn Frey,7
Hall of Lamps,7
Darklyns,7
Robert Arryn,7
Roose Bolton,7
Holy Faith,7
Water,6
Spear Tower,6
Mark Mullendore,6
Symond Templeton,6
Victarion Greyjoy,6
Gormond,6
Quhuru Mo,6
Brynden Tully,6
Lord Quellon,6
Sealord,6
Hewett,6
Westerosi,6
Lord of Riverrun,6
Meryn Trant,6
Harlaws,6
Bolton,6
Rivers,6
Sparr,6
Andrik the Unsmiling,6
Raff the Sweetling,6
Ser Ilyn Payne,6
Ser Illifer the Penniless,6
Slaver,6
Erik,6
Lord of the Eyrie,6
Xho,6
Starks,6
Gyles Rosby,6
Belandra,6
Nestor Royce,6
Doom,6
Shields,6
Myranda Royce,6
Clydas,6
Archmaester Marwyn,6
Robb Stark,6
Lord Piper,6
Lord Orton,6
Young Lord Hunter,6
Islander,6
Gorold,6
Lord Mooton,6
Emmon,6
Paxter Redwyne,6
Ser Hyle Hunt,6
Lazy Leo,6
Lady Myranda,6
Evenfall,6
Poor Fellows,6
Conquest,6
Lady Sybell,6
Asshai,6
Estermont,6
Ser Addam,6
Gillam,6
Name,6
Euron Greyjoy,6
Lothor Brune,6
Oakenshield,6
Catelyn,6
Val,6
Gates of the Moon,6
Black Pearl,6
Aurane,6
Ser Osmund Kettleblack,5
Brazen Monkey,5
Stonetrees,5
Mad Mouse,5
Lord Hightower,5
Merrett,5
Alys,5
Alyn,5
Oakheart,5
Dick Crabb,5
Black Sam,5
Jalabhar Xho,5
Planky Town,5
Plumm,5
Colemon,5
Lyseni,5
Old Bear,5
Ser Lyle,5
Longtable,5
Deepwood Motte,5
Rains of Castamere,5
Lord Bolton,5
High Hill,5
Orkwood of Orkmont,5
Dolorous Edd,5
Lord Balon,5
Black Harren,5
Lucamore the Lusty,5
Sand,5
Lord Varys,5
Westerlings,5
Black Walder,5
Red Ronnet,5
Grand Maester,5
Morra,5
Iron Bank,5
Daenerys,5
Three-Tooth,5
Ser Emmon,5
Lord Manderly,5
Trant,5
Fair Isle,5
Boneway,5
Ryman Frey,5
Ghaston Grey,5
Quellon Greyjoy,5
Lady Alannys,5
Balon Swann,5
Rickon,5
Ser Osney Kettleblack,5
Kojja,5
Quellon Humble,5
Ser Harras Harlaw,5
Lord Brune,5
Walder Frey,5
Pass,5
Prince of Dorne,5
Boros Blount,5
Yohn Royce,5
Purple Harbor,5
Lysa Arryn,5
Cersei Lannister,5
Renly Baratheon,5
Moon Pool,5
Seagard,5
Dayne,5
Hands,5
Lem,5
Whispering Wood,5
Shortear,5
Hotho Harlaw,5
Trystane,5
Visenya,5
Mud Gate,5
Gatehouse Ami,5
Alayne Stone,5
Ser Creighton Longbough,5
Ser Barristan,5
Harys,5
Lady Taena,5
Yna,5
Brella,5
Whispering Sound,5
Randa,5
Syrio,5
Tristifer Botley,5
Sarella,5
Young Dragon,5
Holdfast,5
Ilyn Payne,5
Harry the Heir,5
Genna,5
Jocelyn Swyft,5
Andals,5
Conqueror,5
Giant,5
King Joffrey,5
High Valyrian,5
Maid Margaery,5
Zollo,5
Lord Eddard,5
Sweet Cersei,5
Volmark,5
Mellei,5
Casso,5
Lord Tywin Lannister,5
Lord Botley,5
Arianne Martell,5
Sand Snake,5
Red Rain,5
Lady Stoneheart,5
Lance,5
Rhoynar,5
Bracken,5
Garth the Gross,4
Ser Forley Prester,4
Lady Glover,4
Brienne the Beauty,4
Peckledon,4
Ser Tallad the Tall,4
Square,4
Amerei,4
Freehold,4
Septa Roelle,4
Ami,4
Melara Hetherspoon,4
Meereen,4
Rus,4
Knight of Ninestars,4
Ser Forley,4
Acolyte,4
Manderly,4
Being,4
Shield Islands,4
Tickler,4
Red Ralf Stonehouse,4
Maegor the Cruel,4
Rowan,4
Lord of Harrenhal,4
Redwynes,4
Aerys Targaryen,4
Left,4
Dawn,4
Swann,4
Torbert,4
Palace,4
Emmond,4
Ser Kennos,4
Bay of Seals,4
Areo,4
Lord Hallyne,4
Ottomore,4
Oswell,4
Anya Waynwood,4
Bronze Yohn Royce,4
Ser Dermot of the Rainwood,4
Ser Arys Oakheart,4
Tarle the Thrice-Drowned,4
Clement,4
Orkmont,4
Rhaegar Targaryen,4
Hasty,4
Mathis Rowan,4
Lord Nestor Royce,4
Lord Jon,4
Horton Redfort,4
Dontos,4
Sylva,4
Qohorik,4
Lord of Light,4
Mance,4
Ellaria,4
Lord of the Crossing,4
Little Lew,4
Pentos,4
Ser Manfrey,4
Elbert,4
Prince Trystane,4
Red Ronnet Connington,4
Ser Clarence Crabb,4
Sam the Slayer,4
Bitterbridge,4
Targaryens,4
Lord of Harlaw,4
Jaehaerys,4
Ser Lothor Brune,4
Ser Kennos of Kayce,4
Mo,4
Ambrose,4
Lord of Highgarden,4
Pod,4
Driftwood,4
Torwold Browntooth,4
Masha Heddle,4
Shags,4
Aegon the Conqueror,4
Marq,4
Ser Clarence,4
Baelor Blacktyde,4
Small Hall,4
Ibbenese,4
Septon Raynard,4
Neck,4
Ronnel,4
Crackclaw,4
Greenstone,4
Drowned Town,4
Yoren,4
Lord Leyton,4
Randyll,4
Lord Edmure,4
Goose,4
Lady Alerie,4
Lady Melisandre,4
Redwyne Straits,4
Puckens,4
Lord Royce,4
Beardless Jon Bettley,4
Hardstone,4
Shae,4
Illifer,4
Street of Silk,4
Aemon Targaryen,4
Lyonel Corbray,4
Narbo,4
Prince Aemon the Dragonknight,4
Mance Rayder,4
Dontos Hollard,4
Moon,4
Hammerhorn,4
King Baelor,4
Age of Heroes,4
Samwell,4
Hoster Tully,4
Tagganaro,4
Lordsport,4
Harren,4
Dunsen,4
Cat of the Canals,3
Lace Serpent,3
Supper,3
Longbough,3
Lord Jaime,3
Asha Greyjoy,3
Spider,3
Nan,3
Vaith,3
Tongue of Westeros,3
Ser Lyn Corbray,3
Forley Prester,3
High Hall,3
Garrett,3
Lyonel,3
Tyrion Lannister,3
Old Tattersalt,3
Vale of Arryn,3
Horn of Herrock,3
Lord Blacktyde,3
Elys,3
Wynch,3
Beric,3
Fourteen Flames,3
Rykker,3
Swords,3
Fingers,3
Polliver,3
Maester Gulian,3
Ternesio Terys,3
Weasel,3
Dalt,3
Owen Merryweather,3
Shandystone,3
Prince Lewyn,3
Ser Albar,3
Women,3
Ser Amory Lorch,3
Tanda,3
Torwold,3
Defender of the Vale,3
Hopfrog,3
Wind,3
Cleos,3
Long Canal,3
Faceless,3
Rafford,3
Thoros of Myr,3
Torrhen,3
Corbrays,3
Lord Paxter,3
Terrance,3
Hanged,3
Norvoshi,3
Nightingale,3
Goodbrothers,3
Cattery,3
Lord Baelish,3
Septa Unella,3
Septa Moelle,3
Crabbs,3
Arthur Dayne,3
Walk,3
Greydon,3
Ralf Kenning,3
Isle of the Gods,3
Westerling,3
Pinchface Jon Myre,3
Bay of Crabs,3
Humble,3
Kingswood Brotherhood,3
Maester Ballabar,3
Russell,3
Arry,3
Hibald,3
Lord Arryn,3
Lady Stark,3
Taena Merryweather,3
Eastwatch-by-the-Sea,3
Lucas Codd,3
Haereg,3
Lady Alayne,3
Limper,3
Sawane Botley,3
Coldhands,3
Rennifer Longwaters,3
Nightfall,3
Dickon,3
Lord Dagon,3
Qarl the Maid,3
Dun Fort,3
Cobbler,3
Darklyn,3
Bittersteel,3
Ser Bonifer Hasty,3
Septon Torbert,3
Hollards,3
Lord Stark,3
Sword of the Morning,3
Just Maid,3
Hallyne,3
Ebrose,3
Ser Ryman Frey,3
Queen Regent,3
Lady Hewett,3
Tom,3
Lanny,3
Dragons,3
Rhoyne,3
Archon,3
Blackwood,3
Santagar,3
Gwynesse,3
Hayford,3
Be Faithful,3
Lord Estermont,3
Beauty,3
Farwynds,3
Lord Lyonel,3
Kevan Lannister,3
Maester Frenken,3
Crakehall,3
Sharp,3
Tyrek,3
Germund Botley,3
Tullys,3
Raynald,3
Sweetling,3
Syrio Forel,3
Blackwater Bay,3
Arryns,3
Armen the Acolyte,3
Toyne,3
Quellon,3
Walder,3
Pebbleton,3
Codds,3
White Fawn,3
Threefold Gate,3
Stork,3
Lord Randyll Tarly,3
Lyn,3
City Watch,3
Ronnet,3
Raventree,3
Moelle,3
North,3
Harrold Hardyng,3
Lambert Turnberry,3
Huntress,3
Little Lenwood Tawney,3
Cradle,3
Bulwer,3
Seven Drunken Oarsmen,3
Four Shields,3
Proud,3
Moat,3
Jaehaerys the Conciliator,3
Lord Darry,3
Brackens,3
Jeyne Farman,3
Southshield,3
Lord Lancel,3
Spotted Pate,3
Sea Dragon Point,3
Mummers,3
Lucas,3
Starry Sept,3
Perfect Knight,3
Vaellyn,3
Rebellion,3
Ser Ronnet,3
Gran,3
Greyshield,3
Winding Walls,3
Alysanne,3
Grandison,3
Lady Forlorn,3
Smiling Knight,3
Kingmaker,3
Whalen,3
Ser Bronn,3
Lyle Crakehall,3
Criston Cole,3
Anders Yronwood,3
Myres,3
Roslin,3
Theobald,3
Lady Anya,3
Bors,3
Ser Gerold Dayne,3
Lord Hunter,3
Rain,3
Ser Terrence Toyne,3
Glory,3
Egg,3
Lysa Tully,3
Archmaester Ebrose,3
Lord Merlyn,3
Fairmarket,3
Old Hawk,2
Denys,2
Dragon,2
Ser Wylis,2
Holy Eighty-Six,2
Rhaenys,2
Stars,2
Ser Roger Hogg,2
Lynderly,2
Small Paul,2
Eyes,2
Flea Bottom,2
Sandstone,2
Merling King,2
Ser Marwyn Belmore,2
Prince of Dragonstone,2
Boltons,2
King Maegor,2
Doors,2
Lord Protector of the Vale,2
Ser Albar Royce,2
Golden Tooth,2
Ser Brynden Tully,2
Gunthor,2
Alvyn Sharp,2
Quenton,2
Lord of Runestone,2
Mummer,2
Raymun Darry,2
Lord Jast,2
Gylbert,2
Codd,2
Lysene,2
Secret City,2
King Jaehaerys,2
Ser Flement Brax,2
Norcross,2
Court,2
Sigfryd,2
Knight of Lemonwood,2
Brynden,2
Keeper,2
Harwin,2
Mad Dog of Saltpans,2
Orkwood,2
Ironoaks,2
Septon Ollidor,2
Andrik,2
Ser Harwyn,2
Blue Lantern,2
Talbert,2
Astapor,2
Janna Fossoway,2
Cleos Frey,2
Long Jeyne Heddle,2
Mad King Aerys,2
Heir,2
Crescent Chamber,2
Chief Gaoler,2
Ser Galladon,2
Balon the Brave,2
Rainbow Guard,2
One of Gorold,2
Melisandre,2
Ser Galladon of Morne,2
Erik Ironmaker,2
Ser Balman Byrch,2
Old Stone Bridge,2
Maron Volmark,2
Ser Edmure,2
Joy,2
Little Narbo,2
Ser Lambert Turnberry,2
Osfryd Kettleblack,2
Leek,2
Ser Roger,2
Tris Botley,2
King Baelor the Blessed,2
Dragonknight,2
Tristifer,2
Salt,2
Holiness,2
Arsenal,2
Janos Slynt,2
Fist of First,2
Blackwoods,2
Longbow Hall,2
Lord Paramount of the Trident,2
Lord of Greyshield,2
Emma,2
Aegon the Unworthy,2
Fralegg the Strong,2
Owen,2
Jade Compendium,2
Gerold,2
Urswyck,2
Lord Harlaw,2
Ser Arthur Dayne,2
Ossifer Plumm,2
Hamish the Harper,2
Lord Tully,2
Harwyn,2
Dolorous Edd Tollett,2
Lady Ushanora,2
Polly,2
Lord Tytos,2
Broken,2
Prince Aemon,2
Hellholt,2
Daynes,2
Lord Gawen,2
Right,2
Isle of Ravens,2
Arya Stark,2
Son,2
Rodrik the Reader,2
Lord Orbert,2
Viper,2
Lord Confessor,2
Tytos Blackwood,2
King Stannis,2
Skaggs,2
Whitesmile Wat,2
Sister,2
Holy Hundred,2
Iron Bank of Braavos,2
Ser Daemon,2
Lord Redfort,2
Port of Ibben,2
Aegon the Dragon,2
Old Kraken,2
Creighton Longbough,2
Slobber,2
Sarsfield,2
Lannister of Casterly Rock,2
Hammer,2
Strong,2
Ragnor Pyke,2
Grey Garden,2
Ninepenny,2
Longclaw,2
Shadow,2
Bastard of Driftmark,2
Maester Luwin,2
Lord Yohn,2
Lady Sylva,2
Terrence Toyne,2
Rhaella,2
Battle of the Blackwater,2
Red Hands,2
Lord of the Lonely Light,2
Creighton,2
Ser Bronn of the Blackwater,2
Chequy Port,2
Eldred Codd,2
Lady Jocelyn,2
Lothor,2
Black Goat,2
Drunken,2
Ser Pounce,2
Maester Myles,2
Tall Trees Town,2
Strongs,2
Prester,2
Hanged Black Robin,2
Hobber,2
Steps,2
Lord Hoster,2
Whitetree,2
Horas Redwyne,2
Seven Lamps,2
Maron,2
Vengeance,2
Old Palace,2
Lord Emmon Frey,2
Harlaw Hall,2
Archmaester Perestan,2
Harper,2
Long Night,2
Ibben,2
Humpback,2
Lollys Lackwit,2
Great Norvos,2
Skane,2
Bushy,2
Theon Greyjoy,2
Brax,2
Hole,2
Orbelo,2
Mire,2
Holy,2
Deepwood,2
Green Fork,2
Horror,2
Lord Selwyn,2
Ryam,2
Moonshadow,2
Septa Eglantine,2
Ser Danwell Frey,2
Lady of Casterly Rock,2
Galladon,2
Wylis Manderly,2
B-Bronn,2
Volmarks,2
King Daeron,2
Lady Bulwer,2
Clarence Crabb,2
Warden of the North,2
Crossing,2
Lady Whent,2
Grief,2
Inn of the Green Eel,2
Book Tower,2
Lord Grandison,2
Ellaria Sand,2
Lorcas,2
Hugh Clifton,2
Tyg,2
Hag,2
Mermaid,2
Guard,2
Gormond Goodbrother,2
Ser Talbert Serry,2
Ty,2
Lord Vickon,2
Lord Serry,2
Gerion,2
Pods,2
Ser Quincy,2
Mark,2
Yew,2
Warren,2
Leo Tyrell,2
King of Seals,2
Sept-Beyond-the-Sea,2
Sea Tower,2
Ser Gunthor,2
King of the Isles,2
Vinegar Vaellyn,2
Lady Stokeworth,2
Weese,2
Megga Tyrell,2
Ser Symon Hollard,2
Daemon Sand,2
Ser Garlan,2
Stonehouse,2
King-beyond-the-Wall,2
Iron Wind,2
Ser Bonifer the Good,2
Lady Obara,2
Skagosi,2
Queen Naerys,2
Crown,2
Colloquo Votar,2
Viserys,2
Stonehand,2
Brightwater,2
Sunset Sea,2
Ser Humfrey,2
Queen Alysanne,2
Barristan the Bold,2
Hermit,2
Frog,2
Greenshield,2
Heddle,2
Sigfryd Silverhair,2
Jeyne Westerling,2
Nightflyer,2
Tytos,2
Darke,2
Lord Grimm,2
Wulfe One-Ear,2
Goldenhand,2
Yi Ti,2
Alaquo,2
Alyssa,2
White Sword Tower,2
Handship,2
Steffarion Sparr,2
Are One,2
Paege,2
Lord Commander of the Night,2
Shadrich,2
Ser Denys,2
Purple,2
Nine Free Cities,2
Alla Tyrell,2
Lady Mellario,2
Greenshit,2
Dance of the Dragons,2
Ser Arwood,2
Gyles Grafton,2
Hardhand,2
Robin,2
Battle of the Bells,2
Ser Lorimer,2
Lady Ermesande,2
Iron Vengeance,2
Hundred Hearths,2
High Steward,2
Wynches,2
Waynwoods,2
Boros,2
Brynden Blackfish,2
Dunstan Drumm,2
Myrmello,2
Horas,2
Cedric,2
Little Lew Piper,2
Qohor,2
Ser Manfrey Martell,2
Oakhearts,2
Black Jack Bulwer,2
Lord Baelor Blacktyde,2
Ser Wylis Manderly,2
Amory Lorch,2
Seven Above,2
Jon Connington,2
Aenys,2
Many Faces,2
Aron Santagar,2
Waxley,2
Luceon,2
Oxcross,2
Sea Song,2
Hotho Humpback,2
Lord Frey,2
Arbor Queen,2
Dusk,2
Lord Harroway,2
Donel,2
Lord Stokeworth,2
Grafton,2
Urrigon,2
Ulmer,2
Hangwoman,2
Palace of Truth,2
Book of Lost Books,2
Lion Gate,2
Lewys Piper,2
Raff,2
Gardens,2
Cletus Yronwood,2
Lord Harmen,2
Lord Corbray,2
King Balon,2
Ullers,2
Lady Westerling,2
Edd,2
Erik Anvil-Breaker,2
Fat Maddy,2
Lady Graceford,2
Donnel,2
Maester Gormon,2
Lord Janos,2
Victory,2
Red Ralf,2
Marywn,2
Septon Jorquen,2
Sweet Falyse,2
Crackbones,2
Dorea,2
Gorghan of Old Ghis,1
Greycloak,1
Unsmiling,1
Ser Gwayne Gaunt of the Kingsguard,1
Ser Harrold,1
Wynd,1
Beesbury,1
Wyls,1
Archmaester Vaellyn,1
Harroways,1
Ralf,1
Long Stone Quay,1
Three of Little Narbo,1
Lord Lyonel Corbray,1
Germund,1
Lady Joanna,1
Long Jon Heddle,1
Jeyne Poole,1
Hardstone Hills,1
Hobber Redwyne,1
Cape Wrath,1
Lord of the Dreadfort,1
Dagmer Cleftjaw,1
Arsenal of Braavos,1
Lord of Hellholt,1
Lysa Tully of Riverrun,1
Red Eunuch,1
Pander,1
Baelor Butthole,1
One of Euron,1
Seven of the Most Devout,1
One of Hibald,1
Sloey,1
Boremund,1
Dargood,1
Poetess,1
Lord Gyles Rosby,1
Smallford,1
Lady Blackmont,1
Lord Eddard Stark,1
Dothare,1
Grimston,1
Flint Cliffs,1
Lady Ellyn,1
Sigfry Stonetree,1
Lucamore Strong,1
Carpenter,1
Hall of Heroes,1
Young Dickon,1
Gormond Drumm the Oldfather,1
Princess Arianne Martell,1
Age,1
Ralf the Limp,1
Shetts,1
Harrag Hoare,1
Lord Protector of the Eyrie,1
Prince Maron,1
Yi Ti the Lion of Night,1
Greenhill,1
Crane,1
Gyleno,1
Septa Saranella,1
Warden of the Prince,1
Sword,1
Gormon,1
Eldred,1
Cressen,1
Apotheosis,1
Quenton Hightower,1
Rupert,1
Wagstaff,1
Ironborn,1
Weasel Alley,1
Illifer the Penniless,1
Books,1
Ser Cedric Payne,1
Ser Marwyn,1
Aemon Steelsong,1
Widowmaker,1
Seven Shrines,1
Mermaids,1
Jon Lord Commander,1
Guild of Alchemists,1
Lord of Darry,1
River Inn,1
Karyl,1
Pyne,1
Black Walder Frey,1
Maester Qalen,1
Lusty Lady,1
Oldstones,1
Boggses,1
Pale Child,1
Ser Elys Waynwood,1
Brave Joffrey,1
Shadrich of the Shady Glen,1
Aeron King,1
Outcast Inn,1
Lord Oakenfist,1
Myrmen,1
Clarence the Short,1
Library,1
Dyre Den,1
Elinor Tyrell,1
Sealords,1
Young Dontos,1
Starry Sept of Oldtown,1
Ser Harry,1
Corpse Lake,1
King Daeron the First,1
Ser Andrey Dalt,1
Luwin,1
Cobbler Above,1
Crab Isle,1
Oathbreaker,1
Bloodroyal,1
Masha,1
Gwin,1
Ser Shadrich the Mad Mouse,1
Orbert Caswell,1
Balon the Blessed,1
Meryn,1
Catelyn Tully,1
Horseshoe Rock,1
Browntooth,1
Gross,1
Twelve-Tooth,1
Bakkalon,1
Arm,1
Bethany,1
One of Robert,1
Rolder,1
Marchers,1
Jade Gates,1
Hilmar Drumm the Cunning,1
Bellringer Inn,1
Lord of Duskendale,1
Lady Falyse of Stokeworth,1
Lower Hall,1
Nutten,1
Harren Half-Hoare,1
Ramsay,1
Prince Aegon,1
Maester Murenmure,1
Barth,1
Lord Lucas,1
Lord Philip,1
Silty Town,1
Arya Underfoot,1
Greybeard Grandison,1
Karyl Vance,1
Ser Raynald,1
Spotted Cellar,1
Golden Rose,1
Noho,1
Harridan Hill,1
Bellegere,1
Old Crabb,1
Lady Tyene,1
Fat Jeyne Farman,1
Evenstar of Tarth,1
Great Lord Snow,1
Lord Gawen Westerling,1
Lord Chelsted,1
Jade Sea,1
Lion of Lannister,1
Vargo,1
Weavers,1
High Steward of the Vale,1
Dawn Age,1
Grimms,1
Way,1
Ser Dontos the Red,1
Genna Lannister,1
Dragon Gate,1
Alyn Connington,1
Wodes,1
Black Bargeman,1
Hodor,1
Rides,1
Lord of Redfort,1
Lord of Casterly Rock,1
Lord Ormond,1
Ser Theodan the True,1
Aemon Battleborn,1
Bran Stark,1
Towers,1
Septon Narbert,1
Archmaester Theobald,1
Old Merryweather,1
Jennelyn,1
Red Lion,1
Lord of the Seven Kingdoms,1
Shadow Tower,1
Fist of the First,1
Ruttiger,1
Alannys Harlaw,1
Saan,1
Harwyn Plumm,1
Assadora,1
Plowman,1
Tully Lord of Riverrun,1
Dragonpit,1
Baelor the Beloved,1
Clanking Dragon,1
Griffin King,1
Jon Pox,1
Noom,1
Prestayn,1
Poor Fellow,1
Veiled Lady,1
Sack,1
Ser Herbert Bolling,1
Ser Ryam Redwyne,1
High Hall of the Eyrie,1
Farrow,1
Lord of Longbow Hall,1
Lord Westerling,1
Lord Darklyn,1
Golden Dragon,1
Frynne,1
Rodrik Harlaw,1
Red Viper of Dorne,1
Alyn Stackspear,1
Old Ser Goodwin,1
Lord Leyton of the Hightower,1
Ser Perwyn,1
Damphair King,1
Addam,1
Lorch,1
Lady Hayford,1
Hardyng,1
Bloody Mummer,1
Lord of Oakenshield,1
Ser Artys Arryn,1
Lord Jasper,1
Leaves,1
Ser Steffon Swyft,1
Shipbreaker Bay,1
Noho Dimittis,1
Two of Gorold Goodbrother,1
Halfhand,1
Ser Portifer,1
Ser Richard Farrow,1
Ser Waymar,1
Lord Charlton,1
Shepherd,1
Ser Hugo,1
Gyles Greycloak,1
Lady Roslin,1
Raynard Ruttiger,1
Toland of Ghost Hill,1
Rhoynish,1
King Viserys,1
Heart,1
Lord Banefort,1
Lord Baelor,1
Thieves,1
Glover,1
Flowstone Yard,1
Ten Towers of Harlaw,1
Lord Uller,1
Sevenstreams,1
Canals,1
Ser Owen Inchfield,1
Honor of Oldtown,1
Ser Arys the Unworthy,1
Fowlers,1
Lady Olenna Tyrell,1
Hoke the Horseleg,1
Greatheart,1
Ser Theodan Wells,1
Obara Sand,1
Maester Qyburn,1
Smiley Knight,1
Salt Shore,1
Tower of Glimmering,1
Young Falcon,1
Stone Garden,1
Lannister of Lannisport,1
Lord of Strongsong,1
South of Red Fork,1
Ser Andrey,1
Ser Rufus Leek,1
Septa Aglantine,1
Lonely Light,1
Ralf the Shepherd,1
Pentoshi,1
Edd Tollett,1
Urron of Orkmont,1
Ser Arthur,1
Daven Lannister,1
Balon the Widowmaker,1
Gerold the Great,1
Iron Isles,1
Ser Quincy Cox,1
Lord Horton,1
Weeping Dock,1
Gate of the Gods,1
Trees,1
Ser Deziel Dalt,1
Weeping Woman,1
Bonifer,1
Lady Toland,1
Canker Jeyne,1
Ser Preston Greenfield,1
Hotho the Humpback,1
Loreza,1
Roland Crakehall,1
Isle of Pigs,1
Lord Rosby,1
Ravenry,1
Red Lester,1
Goodbrook,1
Young Lion,1
Pisspot,1
Lannys,1
Squab,1
Chuckler,1
Merciless,1
Darkwood,1
Six Old Women,1
Sparrow,1
Shepherds,1
Lorath,1
Alyse Ladybright,1
Lord Wynch,1
No Wodes,1
Princess Arianne,1
Archmaester Rigney,1
Joanna,1
Old Sumner Crakehall,1
Ser Byron,1
Gylbert King,1
Ser Olyvar the Green Oak,1
Black Gate,1
Lord Theomore,1
Broken Arm,1
Leyton Hightower,1
Ser Kevan Lannister,1
Torentine,1
Prince of Winterfell,1
Florian the Fool,1
Mallister,1
Talon,1
Hoster,1
Sow,1
Knight of the Bloody Gate,1
Blackbird Gilly,1
Norne Goodbrother,1
Stafford,1
Burned,1
Fever River,1
Tradesman-Captain Moredo Prestayn,1
Albar Royce,1
Hearth,1
Lord of the Ten Towers,1
Donal Noye,1
Wyk,1
Woodwright,1
Lord of Wayfarer,1
Hooded Wayfarer,1
Daenerys Targaryen,1
Mellario,1
Robin Potter,1
Myrish-born,1
Lord Grafton,1
Lord Commander of the Kingsguard,1
Warden of the Stone Way,1
Harras Harlaw,1
Moon-Pale Maiden,1
Big Mouth,1
Starfish Harbor,1
Prince of Dragonflies,1
Lewyn,1
Humbles,1
Annals of the Black Centaur,1
Sparrs,1
Unella,1
Bastard of Godsgrace,1
Greyjoy Rebellion,1
Lord Rykker,1
Portifer,1
West,1
Deziel,1
Nightsong,1
Aurochs,1
Silent Sister,1
Septon Barth,1
Puissant Order of the Warrior,1
Lord Caron,1
Norbert,1
Castle Darry,1
Bellonara,1
Six Sorrows,1
Estermonts,1
Florian,1
Old Walgrave,1
No King of the Isles,1
Tywins,1
Brotherhood,1
History,1
Iron Holt,1
Lady Lothston,1
Prince Garin,1
Lioness,1
Sybell Spicer,1
Sam the Scared,1
Wendish Town,1
Heartsbane,1
Archmaester Ryam,1
Portents,1
Hayfords,1
Summerhall,1
Sandship,1
Prince Lewyn of Dorne,1
Lord Vargo,1
Saltcliffe,1
Water Gate,1
Spear Tower of the Old Palace,1
Sawane,1
Hot Pie,1
Harmen Uller,1
Dale the Dread,1
Lord Karyl Vance,1
White Owl,1
Dragonkin,1
Urron Greyiron,1
Volantene,1
King Erik,1
Lord Gorold,1
Moroggo,1
Me Soar,1
Keepers of the Gates of the Moon,1
Lord Jon Arryn,1
Faithful Urswyck,1
Six of the High Sparrow,1
Conquest of Dorne,1
Lord Fowler,1
Ragnor,1
Old Tongue,1
First the Citadel,1
Hetherspoon,1
Three Towers,1
Maiden Fair,1
Conjurer,1
Old Inn,1
Ser Alliser,1
Balon the Bold,1
Kenning,1
Garth the Twelfth,1
Ser Cleos Frey,1
Unmasking of Uthero,1
Lord of the Woeful Countenance,1
Ser Cleos,1
Karhold,1
Lady of Ironoaks,1
Riverbend,1
Queen Regent of the Seven Kingdoms,1
Queen Myrcella,1
Child,1
Alysanne Bulwer,1
Norren,1
King Aegon the Third,1
Hallyne of the Guild of Alchemists,1
Brienne of Tarth,1
Smuggler Dick,1
Ser Morgarth,1
Erenford,1
Ser Elys,1
Kennings,1
Jonquil,1
Cotter Pyke,1
King Aegon,1
Bettley,1
Lord Mormont,1
Fury,1
Royces,1
Karstark,1
Lord Lynderly,1
Ebon Prince,1
Ser Arys of the Kingsguard,1
Prince Jalabhar,1
Old Crackbones,1
Ghost Hill,1
Thief,1
Ser Robar,1
Tolletts,1
Three Leaves,1
Olyvar,1
Tarbeck,1
Mullendore,1
Farmer,1
Gorghan,1
Arya Horseface,1
Balon Twice-Crowned,1
Long Jeyne,1
Bywater,1
Two Kingsguard,1
Lord of the Paps,1
Seaswift,1
Raymond Nayland,1
Lewyn Martell,1
Lord Chester,1
Guildhalls,1
Bear,1
Archon of Tyrosh,1
Alester,1
Yronwoods,1
Lady Myranda Royce,1
Ser Daemon Sand,1
Thieves Market,1
Lord Lefford,1
Keeper of the Gates,1
Battle Island,1
Antaryons,1
Two Wives,1
Nyel,1
Griffin,1
Willas Tyrell,1
Bloody Cup,1
Farman,1
Six of the Warrior,1
Little Flower,1
Scolera,1
Ser Garlan the Gallant,1
Founding,1
Mad Danelle,1
Ser Moryn Tyrell,1
Penny,1
Narrah,1
Sisterton,1
Paxter,1
Prince Oberyn Viper,1
Lord of Greenshield,1
Coldwaters,1
Boy Jasper,1
Ser Steffon Hollard,1
Moreland,1
Ser Duncan,1
Rygers,1
Cleganes,1
Lord of Atranta,1
Basilisk Isles,1
Ser Walder Rivers,1
Foghouse,1
Merchant,1
Lord Captain of the Iron Fleet,1
Queen of the Andals,1
Maester Helliweg,1
Scribe,1
Staunton,1
Ser Symond,1
Hogg,1
Gwayne Corbray,1
Joffy,1
Greydon Goodbrother,1
Ellendor,1
Ser Cedric,1
Spottswood,1
Lord of Southshield,1
Red Flower Vale,1
Castamere,1
Lives of the High Septons,1
Kemmett Pyke the Bastard,1
Banefort,1
Humfrey Wagstaff,1
Red Roggo,1
Obella,1
Ser Harras,1
Lion of Night,1
Downdelving,1
Blacktydes,1
Turnberry,1
Princess Rhaenyra,1
Qarl the Thrall,1
Lady Bright,1
Maelys the Monstrous,1
Valyrians,1
Home,1
Harlan,1
Tall,1
Hardy,1
Romny Weaver,1
Blackwater Rush,1
Vickon Greyjoy,1
Thunderer,1
Norbert Vance,1
Lord Wyman,1
Septon Bennet,1
Nabbo,1
False Friend,1
Westeros the Stranger,1
Ben Big Mouth,1
Song,1
Ser Symon,1
Kayce,1
Maester Kedry,1
Ser Gregor Clegane,1
Tor,1
Ib,1
Lord Littlefinger,1
Sothoros,1
Lotho Lornel,1
Eel Alley,1
Wode,1
Qarlton Chelsted,1
Lantells,1
Ser Mark Mullendore,1
Lord Aurane,1
Patrek Mallister,1
Bloody Isle,1
Pie,1
Ragpicker,1
Horn,1
Blind Ben Beesbury,1
Ser Gascoyne of the Greenblood,1
Ser Robin Ryger,1
Redhands,1
Lady of Myr,1
Ezzelyno,1
Ryamsport,1
Symeon Star-Eyes,1
Nysterica,1
Brandon the Builder,1
Lemonwood,1
Widow,1
Perwyn,1
Moon Tower,1
Hamish,1
Edywn Frey,1
Mountains of the Moon,1
Lew,1
War of the Five,1
Bleeding Tower,1
Ser Morghil,1
Ser Desmond Grell,1
Lord Jasper Arryn,1
Falcon Crown,1
Anguy,1
Old King,1
War of the Ninepenny,1
Trys,1
Flatnose,1
Meredyth Crane,1
Princess Asha,1
Karstarks,1
Smoking Sea,1
Bane,1
Tawneys,1
Lord of the Iron Islands,1
Star,1
Fish,1
Lady Sylva Santagar,1
Jeyne Fowler,1
Old Dick,1
Hal,1
Tyene Sand,1
Sinner,1
Goldenhand the Just,1
Jeyne Heddle,1
Ser Lambert,1
Lord Jason,1
Maester Joseran,1
Fist,1
Harrold,1
Free,1
Old Volantis,1
Little Robert,1
Starfall,1
Urras Ironfoot,1
Grimm,1
Defiance,1
Meldred,1
Evenstar,1
Franklyn Fowler,1
Straits of Tarth,1
Goodbrothers of Great Wyk,1
Humfrey Waters,1
Damion Lannister,1
Battle,1
Balerion the Black Dread,1
Ten Thousand Ships,1
Lannetts,1
Flement Brax,1
Two Crowns,1
Lord of Castamere,1
Botleys,1
Lady Caron,1
Warden of the South,1
Sam the Seducer,1
Lychester,1
Lord Stark of Winterfell,1
Allaquo,1
Septa Scolera,1
Daemon,1
Septon Lucos,1
Gulltown Arryns,1
Swiftfin,1
Young Serry,1
King of the Andals,1
Sigfryd Harlaw the Silverhair,1
Ser Jon Hollard the Steward,1
Lament,1
Stormborn,1
Death of Dragons,1
Rolph,1
Darkes,1
Blackfyre Rebellions,1
Seastrider,1
Melisandre of Asshai,1
Fair,1
Crow Spike Keep,1
Silverwing,1
Lord of Winterfell,1
Goodbrothers of Orkmont,1
Ser Myles,1
Manfryd Yew,1
Tallad the Tall,1
Humfrey Swyft,1
Hugo Vance,1
Ryswell,1
Ser Rufus,1
Vixen,1
Eustace,1
Lady Elinor,1
Septa Melicent,1
Lord Eon,1
Sunderly of Saltcliffe,1
Grell,1
Volantenes,1
Archmaester Benedict,1
Ser Arryk,1
Red Robert Flowers,1
Old Oak,1
Costayne,1
Moonsingers,1
Crackclaws,1
Brunes of Brownhollow,1
Quence,1
Bayard Norcross,1
Six Maids,1
Ironmaker,1
Flower,1
Merrett Frey,1
Aegon Targaryen,1
Stonecrab Cay,1
Lord Commander Mormont,1
Tom of Sevenstreams,1
Three-Finger Hobb,1
Ser Raymun,1
Marwyn the Mage,1
Temple of the Moonsingers,1
Manfryd,1
Pool,1
Questions,1
Little Myrcella Baratheon,1
Ser Erryk,1
Gallows Inn,1
Nightfort,1
Titan of Braavos,1
Sound,1
Iron Lances,1
Lord Tyrek,1
Mootons of Maidenpool,1
Gawen,1
One-Tooth,1
Grey Ghost,1
Freys of the Crossing,1
Knight of the Gate,1
Mad Maid,1
Aenar Targaryen,1
Jenny of Oldstones,1
Old Ghis,1
Netleys,1
Quincy,1
Sea of Dorne,1
Ser Hugo Vance,1
Roslin Frey,1
Lord Harrold,1
Crab King,1
Dance,1
Ser Ding-Dong,1
Martyn,1
Lord Euron,1
Gulltown Girl,1
Donnel of Duskendale,1
Roryn the Reaver,1
Beloved Baelor,1
Great Shepherd,1
Knight of Spottswood,1
History of the Ironborn,1
Cinnamon,1
Maester Mullin,1
Dagon Greyjoy,1
Conclave,1
Spicer,1
Tarbeck Hall,1
Flowers,1
Steelsong,1
Vinetown,1
Seven Kingdoms of Westeros,1
Beqqo,1
Ser Hugh Beesbury,1
Erik the Just,1
Peckleton,1
Old Grey Gull,1
Robin Hollard,1
Daena,1
Lord Seneschal,1
Daeron,1
Mormont,1
Lord Gargalen,1
Ser Jon Darry,1
Ser Edmund Ambrose,1
Forley,1
Golden Company the Myrish,1
Urron,1
Song of the Rhoyne,1
Garrett Paege,1
Maester Thomax,1
Great Kraken,1
Leygood,1
Lord of Yronwood,1
Yorko Terys,1
Garlan the Gallant,1
Good Dornishmen,1
Ser Donnel,1
Ser Lorimer the Belly,1
Lothston,1
Lady Serala,1
Battleborn,1
Whiteye,1
Greyiron,1
Drumms,1
Gift,1
Black Hood,1
Ser Ronnel Arryn,1
Septon Luceon,1
Ser Raymun Darry,1
Lackwit,1
Harlaw of Harlaw,1
Arya of Winterfell,1
Monstrous,1
Alliser Thorne,1
Merling Queen,1
Anvil-Breaker,1
Maester Denestan,1
Ben Bushy,1
Ser Balon Swann,1
Ellyn Tarbeck,1
Hosteen,1
Queen Rhaella,1
Ser Sweetrobin,1
Lommy Greenhands,1
Demon of Darry,1
Jon Penny,1
Lady Jordayne,1
High King,1
Lord Edgerran the Open-Handed,1
Keeper of the Gates of the Moon,1
Rawney,1
Exile,1
Ser Aron Santagar,1
Garin the Great,1
Ser Raynald Westerling,1
Criston the Kingmaker,1
Consideration of the Life,1
Humfrey,1
Lady Sybelle Westerling,1
Whitewalls,1
Black Jack,1
Ser Daven Lannister,1
Battle of the Trident,1
Ser Denys Arryn,1
Thousand Eyes,1
Terys,1
Iron Gate,1
City Watch of Oldtown,1
Dimittis,1
Prince Oberyn of Dorne,1
Mors Martell,1
Ser Kyle,1
Michael Mertyns,1
Ben Beesbury,1
Princess Myriah,1
Lord Lucifer Hardy,1
Jate,1
Lord Commander Snow,1
Ben Blackthumb,1
Alaric of Eysen,1
Orivel,1
Oldtowners,1
Ser Criston,1
Boremund the Blue,1
Lord Vypren,1
Moonmaid,1
Brunes,1
Ice,1
Crossbow Inn,1
Jasper,1
Lower,1
Alyn Ambrose,1
Poor Podrick,1
Harrag,1
Jon Darry,1
Lady Gwynesse,1
Mole,1
Theon Turncloak,1
Lord Theomore Harlaw,1
Clifton,1
Pyromancer,1
Fisherman,1
Golden Bank of Lannisport,1
Perfect Fool,1
Faith Militant,1
Rayder,1
Quentyn Martell,1
Bellegere Otherys,1
Gylbert Farwynd,1
Ser Marywn Belmore,1
Beggar King,1
Knight of the Red Chicken,1
Jason Mallister,1
Maester Wendamyr,1
Morning Hall,1
Prince Joffrey,1
Signs,1
Steffon Swyft,1
Lord of the Arbor,1
Tyrek Lannister,1
Lord Waxley,1
Checkered Hazard,1
Damion,1
Jonos,1
Steffarion,1
Lord of Skyreach,1
Roote,1
Book,1
Sumner Crakehall,1
Forel,1
Roost,1
Misty Morn,1
Piper of Pinkmaiden Castle,1
Gardener,1
Do Despise Us,1
Velaryons,1
Bastard Walder,1
Blind Beqqo,1
Hermitage,1
Celtigars of Crab Isle,1
Lady of the Tower,1
Tanda Stokeworth,1
Open-Handed,1
Ser Lucamore Strong,1
Prestayns,1
Thormor,1
Gloom,1
Haigh,1
Qurulu Mo,1
Lady Whiskers,1
Randyll Bloody Tarly,1
Blind Lord,1
Blind Beron Blacktyde,1
Holy Refuge,1
Goodbrothers of Old Wyk,1
Lady Rykker,1
Lady Megga,1
Terrance Lynderly,1
Lord Anders,1
Noble,1
Mors,1
Gallawho,1
Eel,1
Cave,1
Blushing Bethany,1
Greybeard,1
Neveryield,1
Wyks,1
Orkwoods,1
Rhaenyra,1
Defiance of Duskendale,1
Inn,1
Maester Harmune of Eastwatch,1
Traitor,1
Rest,1
Ralf of Lordsport,1
Alleras the Sphinx,1
Ser Arwood Frey,1
Andal,1
Celtigars,1
Lord Rodrik Harlaw,1
Boros the Belly,1
Lucantine,1
Starry,0
Falcon,0
Michael,0
Ding-Dong,0
Leyton,0
Chester,0
Ironfoot,0
Joseran,0
Ossifer,0
Benedict,0
Dermot,0
Horton,0
Gascoyne,0
Light,0
Short,0
Frenken,0
Bottom,0
Myles,0
Fork,0
Oakenfist,0
Fort,0
Veiled,0
Planky,0
Cailin,0
Eon,0
Brandon,0
Amory,0
Rufus,0
Horseleg,0
Winding,0
Aglantine,0
Vickon,0
Whispering,0
Clarence,0
Tallad,0
Smuggler,0
Richard,0
Beron,0
Annals,0
Ned,0
Turncloak,0
Seastone,0
Beloved,0
Thousand,0
Morghil,0
Faces,0
Ellyn,0
Lonely,0
Bleeding,0
Fellow,0
Crescent,0
Raymun,0
Saranella,0
Roelle,0
Symon,0
Kraken,0
Lommy,0
Skyreach,0
Caswell,0
Goodwin,0
Silk,0
Theodan,0
Seducer,0
Crabs,0
Crowns,0
Duncan,0
Arthur,0
Morning,0
Toland,0
Andrey,0
Rennifer,0
Quiet,0
Twelfth,0
Strongsong,0
Gallows,0
Happy,0
Heroes,0
Sunset,0
Dale,0
Cunning,0
Blackthumb,0
Unmasking,0
Potter,0
Gwayne,0
Patrek,0
Cole,0
Lambert,0
Ryger,0
Life,0
Smiling,0
Roryn,0
Walls,0
Loves,0
One-Ear,0
Danwell,0
Rigney,0
Tarle,0
Rains,0
Half-Hoare,0
Woman,0
Dagmer,0
Order,0
Whiskers,0
Rebellions,0
Manfrey,0
Mariya,0
Crossbow,0
Whitesmile,0
Mertyns,0
Meredyth,0
Silent,0
Stonecrab,0
Bargeman,0
Canal,0
Lornel,0
Throne,0
Lion,0
Flea,0
Limp,0
Dread,0
Cleftjaw,0
Brownhollow,0
Selwyn,0
Dolorous,0
Herrock,0
Ushanora,0
Beardless,0
Hazard,0
Alchemists,0
Ben,0
Denestan,0
Criston,0
Atranta,0
Noye,0
Basilisk,0
Quhuru,0
Lace,0
Jason,0
Uthero,0
Fourteen,0
Harridan,0
Oak,0
Lorimer,0
Lucifer,0
Morne,0
Perestan,0
Myre,0
Pigs,0
Stonetree,0
Maids,0
Greenfield,0
Gatehouse,0
Despise,0
Mootons,0
Cotter,0
Dagon,0
Seals,0
Nimble,0
Chair,0
Rose,0
Wylis,0
Quay,0
Maelys,0
Tollett,0
Nayland,0
Pounce,0
Hawk,0
Starfish,0
Blackmont,0
Kedry,0
Longbow,0
Lewys,0
Philip,0
Mountains,0
Gaunt,0
Jordayne,0
Aron,0
Fellows,0
Forlorn,0
Ormond,0
Wyman,0
Symond,0
Jalabhar,0
Confessor,0
Myriah,0
Waymar,0
Sun,0
Horseshoe,0
Warden,0
Chequy,0
Dock,0
Moryn,0
Naerys,0
Fossoway,0
Mathis,0
Bronze,0
Rainwood,0
Dunstan,0
Thrice-Drowned,0
Sorrows,0
Arryk,0
Ravens,0
Ballabar,0
Eysen,0
Moon-Pale,0
Erryk,0
Flement,0
Colloquo,0
Chelsted,0
Owl,0
Terrence,0
Pale,0
Countenance,0
Hobb,0
Soar,0
Alyse,0
Lazy,0
Helliweg,0
Ollidor,0
Cay,0
Greenhands,0
Chief,0
Romny,0
Tradesman-Captain,0
Militant,0
Septons,0
Door,0
Paps,0
Roland,0
Eglantine,0
Hooded,0
Freeborn,0
Shield,0
Brazen,0
Anya,0
Street,0
Albar,0
Paul,0
Glen,0
Gargalen,0
Alerie,0
Blushing,0
Bells,0
Winged,0
Theomore,0
Symeon,0
Lives,0
Jorquen,0
Snakes,0
Whent,0
Roggo,0
Pearl,0
Morgarth,0
Butthole,0
Smoking,0
Twice-Crowned,0
Holt,0
Mouth,0
Lenwood,0
Hoke,0
Sybell,0
Threefold,0
Mouse,0
Bolling,0
Hearths,0
Hood,0
Underfoot,0
Fleet,0
Dreadfort,0
Cellar,0
Balerion,0
Tawney,0
Smiley,0
Lantern,0
Preston,0
Flint,0
Ships,0
Eunuch,0
Cox,0
Wedding,0
Farwynd,0
Silty,0
True,0
Murenmure,0
Aenar,0
Wayfarer,0
Weaver,0
Tattersalt,0
Janna,0
Beggar,0
Dragonflies,0
Secret,0
Thrall,0
Ermesande,0
Ghis,0
Penniless,0
Reaver,0
Edmund,0
Vypren,0
Sunderly,0
Three-Finger,0
Cup,0
Byron,0
Alvyn,0
Pinkmaiden,0
Outcast,0
Thorne,0
Keepers,0
Bayard,0
Thorns,0
Pox,0
Chicken,0
Bank,0
Conciliator,0
Ladybright,0
Driftmark,0
Janos,0
Wolf,0
Star-Eyes,0
Mullin,0
Fever,0
Ti,0
Truth,0
Us,0
Cliffs,0
Bard,0
Compendium,0
Edgerran,0
Shady,0
Devout,0
Shipbreaker,0
Orbert,0
Arwood,0
Spike,0
Gull,0
Harroway,0
Yi,0
Kemmett,0
Jenny,0
Caron,0
Bellringer,0
Friend,0
Byrch,0
Silverhair,0
Lost,0
Olenna,0
Refuge,0
Wulfe,0
Moredo,0
Ebon,0
Spear,0
Graceford,0
Oldfather,0
Wives,0
Melicent,0
Harmune,0
Lotho,0
Kyle,0
Eddard,0
Raymond,0
Sumner,0
Clanking,0
Jack,0
Rush,0
Den,0
Edywn,0
Vinegar,0
Bright,0
Wendish,0
Franklyn,0
Robar,0
Shrines,0
Hot,0
Consideration,0
Jade,0
Stinking,0
Chamber,0
Inchfield,0
Blackfyre,0
Qarl,0
Norne,0
Qarlton,0
Defender,0
Stony,0
Lester,0
Motte,0
Merling,0
Urras,0
Hundred,0
Charlton,0
Alliser,0
Ninestars,0
Crab,0
Fawn,0
Harmen,0
Rainbow,0
Garden,0
Uller,0
Kingswood,0
Otherys,0
Flowstone,0
Steffon,0
False,0
Lucamore,0
Ternesio,0
Demon,0
Lamps,0
Centaur,0
Perfect,0
Wrath,0
Qalen,0
Sigfry,0
Sawyer,0
Kingdoms,0
Ghaston,0
Anders,0
South,0
Weeping,0
Temple,0
Fralegg,0
Dyre,0
Pimple,0
Kennos,0
Herbert,0
Wells,0
Desmond,0
Checkered,0
Jast,0
Dun,0
Snake,0
Gaoler,0
Horseface,0
Left-Hand,0
Slynt,0
Serala,0
Monkey,0
Sybelle,0
Oarsmen,0
Flames,0
Thomax,0
Puissant,0
Tooth,0
Misty,0
Girl,0
Lefford,0
Hilmar,0
Wendamyr,0
Votar,0
Alaric,0
Hugh,0
Cape,0
Hugo,0
Lances,0
Jeor Mormont,0
Alannys,0
Casterly,0
Godsgrace,0
Bennet,0
Woeful,0
Poole,0
Roose,0
Corpse,0
Stackspear,0
Companions,0
Artys,0
Morn,0
Lucos,0
Roger,0
Harras,0
Seven-Pointed,0
Pinchface,0
Yard,0
Canker,0
Donal,0
Company,0
Qurulu,0
Glimmering,0
Mud,0
Gulian,0
Danelle,0
Barristan,0
Serpent,0
Lyle,0
Oarsman,0
Guild,0
Cletus,0
Hoare,0
Paramount,0
Eighty-Six,0
Protector,0

2882
